-1,1,-0.714286,-0.771429,-1,-1,1,0.5,-1,-1,-1,1,1,-1,-1,-1,-1,-1,1,-1,-1,-1,1,-1,-1,1,-1,-1,1,1,1,-1,-0.76,-0.2,-1,-1,-1,-1
-1,1,0.142857,-1,-1,-1,1,-0.5,-1,-1,-1,0,1,-1,-1,-1,-1,-1,1,-1,-1,-1,1,-1,-1,1,-1,1,1,1,1,-1,0.573333,-0.2,-1,-1,-1,-1
-1,1,0.142857,-1,-1,-1,1,-0.5,-1,-1,-1,0,1,-1,1,-1,0,-1,1,-1,-1,-1,1,-1,-1,1,-1,-1,1,1,1,1,-0.76,0.704918,-0.687705,-1,-1,-1
-1,1,-0.714286,-1,0.411765,1,-1,0.5,-1,-1,-1,1,1,-1,-1,-1,1,-1,1,-1,-1,-1,1,-1,-1,1,-1,-1,1,1,1,-1,0.360533,-0.494951,-1,-1,-1,-1
-1,1,-0.714286,-1,0.411765,1,-1,0.5,-1,-1,-1,1,1,-1,-1,-1,0,1,1,-1,-1,1,1,-1,-1,1,-1,-1,1,1,1,1,-0.706133,-0.665574,-0.889754,-1,-1,-1
-1,1,-0.714286,-1,0.058824,-1,1,0.5,-1,-1,-1,-0.5,1,-1,-1,-1,-1,-1,1,-1,-1,-1,1,-1,-1,1,-1,-1,1,1,1,-1,-0.28,-0.2,-1,-1,-1,-1
-1,1,0.142857,-1,-1,-1,1,-0.5,-1,-1,-1,0,1,-1,-1,-1,-1,1,1,-1,-1,-1,1,-1,-1,1,-1,-1,1,1,1,1,-0.760533,-0.2,1,1,-1,-1
-1,1,-0.714286,-1,-1,-1,1,-0.5,-1,-1,-1,0,1,-1,-1,-1,-1,-1,1,-1,-1,-1,1,-1,-1,1,-1,1,1,1,1,-1,0.626667,-0.800656,-1,-1,-1,-1
-1,1,0.142857,-1,-1,-1,1,-0.5,-1,-1,-1,0,1,-1,-1,-1,-1,-1,1,-1,-1,-1,1,-1,-1,1,-1,1,1,1,1,-1,-0.760533,0.731148,-1,-1,-1,-1
-1,1,-0.714286,-1,-1,-1,1,0,-1,1,-1,0,1,-1,-1,-1,-1,-1,1,-1,-1,-1,1,-1,-1,1,-1,-1,1,1,1,1,-0.6,0.731148,-0.687705,-1,-1,-1
-1,1,0.142857,-1,-1,-1,1,-0.5,-1,-1,-1,0,1,-1,-1,-1,-1,-1,1,-1,-1,-1,1,-1,-1,1,-1,-1,1,1,1,-1,-0.493333,-0.2,-1,-1,-1,-1
-1,1,0.142857,-1,-1,-1,1,-0.5,-1,-1,-1,0,1,-1,-1,-1,-1,1,1,-1,-1,-1,1,-1,-1,1,-1,-1,1,1,1,1,-0.973333,0.731148,1,1,-1,-1
-1,1,0.142857,-1,-1,-1,1,-0.5,-1,-1,-1,0,1,-1,-1,-1,0,1,1,-1,-1,1,1,-1,-1,1,-1,-1,1,1,1,1,-0.493333,-0.2,-0.938525,-1,-1,-1
-1,1,-0.714286,-1,0.058824,-1,1,0.5,-1,-1,-1,-0.5,1,-1,-1,-1,-1,-1,1,-1,-1,-1,1,-1,-1,1,-1,-1,1,1,1,-1,-0.493333,-0.200131,-1,-1,-1,-1
-1,1,-0.714286,-1,-1,-1,1,-0.5,-1,-1,-1,0.5,1,-1,1,-1,-1,-1,1,-1,-1,-1,1,-1,-1,1,-1,-1,1,1,1,1,-0.813333,0.6,-0.688115,-1,-1,-1
-1,1,-0.714286,-1,-1,-1,1,-0.5,-1,-1,-1,0,1,-1,-1,-1,-1,-1,1,-1,-1,-1,1,-1,-1,1,-1,-1,1,1,1,1,1,0.731148,-0.687705,-1,-1,-1
-1,1,-0.714286,-0.714286,-1,-1,-1,0.5,-1,-1,-1,0,1,-1,-1,-1,-1,-1,1,-1,-1,-1,1,-1,-1,1,-1,-1,1,1,1,-1,0.573867,-0.213115,-1,-1,-1,-1
-1,1,-0.714286,-1,0.882353,1,-1,0.5,-1,-1,-1,1,1,-1,-1,-1,-1,-1,1,-1,-1,-1,1,-1,-1,1,-1,-1,1,1,1,1,-0.706667,-0.2,0.709016,1,-1,-1
-1,1,-0.714286,-1,-1,-1,1,-0.5,-1,-1,-1,0,1,-1,-1,-1,-1,-1,1,-1,-1,-1,1,-1,-1,1,-1,-1,1,1,1,1,0.573333,0.731279,-0.687705,-1,-1,-1
-1,1,-0.714286,-1,0.647059,1,-1,0.5,-1,-1,-1,1,1,-1,-1,-1,-1,-1,1,-1,-1,-1,1,-1,-1,1,-1,-1,1,1,1,-1,-0.866133,0.573902,-1,-1,-1,-1
-1,1,-0.714286,-1,-1,-1,1,-0.5,-1,-1,-1,0.5,1,-1,1,-1,-1,1,1,-1,-1,-1,1,-1,-1,1,-1,-1,1,1,1,1,-0.813333,-0.2,-0.688115,-1,-1,-1
-1,1,-0.428571,0.571429,-1,-1,-1,0.5,-1,-1,-1,-1,1,-1,-1,-1,-1,-1,1,-1,-1,-1,1,-1,-1,1,-1,-1,1,1,1,-1,-0.706667,-0.2,-1,-1,-1,-1
-1,1,-0.714286,-1,1,1,-1,0.5,-1,-1,-1,1,1,-1,-1,-1,-1,-1,1,-1,-1,-1,1,-1,-1,1,-1,-1,1,1,1,-1,-0.599467,-0.934426,-1,-1,-1,-1
-1,1,0.428571,1,-1,-1,-1,0.5,-1,-1,-1,-1,1,-1,-1,-1,-1,-1,1,-1,-1,-1,1,-1,-1,1,-1,-1,1,1,1,-1,0.573333,-0.200131,-1,-1,-1,-1
-1,1,-0.714286,-0.914286,-1,1,-1,0.5,-1,-1,-1,-1,1,-1,1,-1,-1,-1,1,-1,-1,-1,1,-1,-1,1,-1,-1,1,1,1,-1,-0.866667,-0.2,-1,-1,-1,-1
-1,1,-1,-1,0.176471,1,-1,0.5,-1,-1,-1,1,1,-1,-1,1,-1,-1,1,-1,-1,-1,1,-1,-1,1,-1,-1,1,1,1,-1,0.573333,0.731148,-1,-1,-1,-1
-1,1,-0.714286,-1,0.411765,1,-1,0.5,-1,-1,-1,1,1,-1,-1,-1,0,1,1,-1,-1,1,1,-1,-1,1,-1,-1,1,1,1,1,-0.706667,-0.533115,1,-1,-1,-1
-1,1,0.142857,-1,-1,-1,1,-0.5,-1,-1,-1,0,1,-1,-1,-1,-1,-1,1,-1,-1,1,1,-1,-1,1,-1,-1,1,1,1,1,-0.76,-0.200131,0.709016,-1,-1,-1
-1,1,-0.428571,0.571429,-1,-1,-1,0.5,-1,-1,-1,-1,1,-1,-1,-1,-1,-1,1,-1,-1,-1,1,-1,-1,1,-1,-1,1,1,1,-1,-0.706667,0.180328,-1,-1,-1,-1
-1,1,1,-1,-1,-1,-1,0.5,-0.114286,-1,-1,1,1,-1,-1,-1,-1,-1,1,-1,-1,-1,1,-1,-1,1,-1,-1,1,1,1,-1,-0.28,-0.2,-1,-1,0.666667,-1
0,1,-0.714286,-1,-1,-1,-1,0,-1,1,-1,-1,1,-1,-1,-1,0,-1,1,-1,-1,-1,1,-1,1,1,-1,-1,1,1,1,1,-0.813333,-0.2,1,-1,-1,-1
-1,1,-1,-1,0.058824,-1,1,0.5,-1,-1,-1,0,1,-1,-1,-1,-1,-1,1,-1,-1,1,1,-1,-1,1,-1,-1,1,1,1,1,-0.386667,0.731148,0.709016,-1,-1,-1
-1,1,-0.714286,-1,0.058824,-1,1,0.5,-1,-1,-1,-0.5,1,-1,-1,-1,0,-1,1,-1,-1,-1,1,-1,-1,1,-1,-1,1,1,1,1,-0.760533,0.731148,-0.687705,-1,-1,-1
-1,1,-0.714286,-1,1,1,-1,0.5,-1,-1,-1,1,1,-1,-1,-1,-1,-1,1,-1,-1,-1,1,-1,-1,1,-1,-1,1,1,1,-1,1,-0.409836,-1,-1,-1,-1
-1,1,-0.714286,-1,-1,-1,1,0,-1,1,-1,0.5,1,-1,-1,-1,-1,-1,1,-1,-1,-1,1,-1,-1,1,-1,-1,1,1,1,1,-0.733333,0.731148,1,-1,-1,-1
0,1,-0.714286,-1,-1,-1,-1,0,-1,1,-1,-1,1,-1,-1,-1,0,-1,1,-1,-1,-1,1,-1,-1,1,-1,-1,1,1,1,-1,-0.28,0.6,-1,-1,-1,-1
-1,1,-0.142857,-1,-1,-1,-1,0.5,0,-1,-1,1,1,-1,-1,1,-1,-1,1,-1,-1,-1,1,-1,-1,1,-1,-1,1,1,1,-1,-0.3872,0.731148,-1,-1,-1,-1
-1,1,-0.714286,-1,0.176471,1,-1,0.5,-1,-1,-1,1,1,-1,-1,1,-1,-1,1,-1,-1,-1,1,-1,-1,1,-1,-1,1,1,1,-1,-0.813333,0.731148,-1,-1,-1,-1
-1,1,0.142857,-1,-1,-1,1,-0.5,-1,-1,-1,0,1,-1,-1,-1,-1,-1,1,-1,-1,-1,1,-1,-1,1,-1,-1,1,1,1,-1,-0.786133,-0.97377,-1,-1,-1,-1
-1,1,0.142857,-1,-1,-1,1,-0.5,-1,-1,-1,0,1,-1,-1,-1,-1,-1,1,-1,-1,-1,1,-1,-1,1,-1,-1,1,1,1,1,-0.28,-0.508328,1,-1,-1,-1
1,1,-0.714286,-1,-1,-1,1,0,-1,1,-1,0,1,-1,-1,-1,-1,-1,1,-1,-1,-1,1,-1,-1,1,-1,-1,1,1,1,-1,-0.28,-0.934426,-1,-1,-1,-1
-1,1,0.142857,-1,-1,-1,1,-0.5,-1,-1,-1,0,1,-1,1,-1,-1,1,1,-1,-1,-1,1,-1,-1,1,-1,-1,1,1,1,1,-0.760533,0.731148,1,1,-1,-1
1,1,-0.714286,-1,0.176471,1,-1,0.5,-1,-1,-1,0,1,-1,-1,-1,-1,-1,1,-1,-1,-1,1,-1,-1,1,-1,-1,1,1,1,-1,-0.76,-0.2,-1,-1,-1,-1
-1,1,0.142857,-1,-1,-1,1,0,-1,-1,-1,0,1,-1,-1,-1,-1,-1,1,-1,-1,-1,1,-1,-1,1,-1,-1,1,1,1,1,-0.813333,-0.2,-0.687705,-1,-1,-1
0,1,-0.714286,-1,-1,-1,-1,0,-1,1,-1,-1,1,-1,-1,-1,-1,-1,1,-1,-1,-1,1,-1,1,1,-1,-1,1,1,1,-1,-0.7072,-0.97377,-1,-1,-1,-1
-1,1,-0.714286,-1,-1,-1,1,-0.5,-1,-1,-1,0.5,1,-1,1,-1,-1,-1,1,-1,-1,-1,1,-1,-1,1,-1,-1,1,1,1,1,-0.813333,-0.2,-0.876639,-1,-1,-1
-1,1,0.142857,-1,-1,-1,1,0,-1,-1,-1,0,1,-1,-1,-1,-1,-1,1,-1,-1,-1,1,-1,-1,1,-1,-1,1,1,1,1,-0.8128,-0.2,1,-1,-1,-1
-1,1,-0.714286,-1,0.058824,-1,1,0.5,-1,-1,-1,-0.5,1,-1,-1,-1,-1,1,1,-1,-1,-1,1,-1,-1,1,-1,-1,1,1,1,1,-0.76,0.731148,1,-1,-1,-1
-1,1,1,-1,-1,-1,-1,0.5,-0.114286,-1,-1,1,1,-1,-1,-1,0,-1,1,-1,-1,-1,1,-1,-1,1,-1,-1,1,1,1,-1,0.2,0.672,-1,-1,0.666667,-1
-1,1,-0.714286,-1,-1,-1,1,-0.5,-1,-1,-1,1,1,-1,-1,-1,-1,-1,1,-1,-1,-1,1,-1,-1,1,-1,-1,1,1,1,1,-0.760533,0.731148,1,0,-1,-1
-1,1,-0.714286,-1,-1,-1,1,-0.5,-1,-1,-1,0,1,-1,-1,-1,0,1,1,-1,-1,-1,1,-1,-1,1,-1,-1,1,1,1,1,-0.76,-0.200131,-0.687705,-1,-1,-1
-1,1,-1,-1,-1,-1,1,-1,-1,-1,-1,1,1,-1,-1,-1,-1,-1,1,-1,-1,-1,1,-1,-1,1,-1,-1,1,1,1,1,-0.973333,0.731148,-0.688115,-1,-1,-1
-1,1,0.142857,-1,-1,-1,1,-0.5,-1,-1,-1,0,1,-1,-1,-1,0,1,1,-1,-1,-1,1,-1,-1,1,-1,-1,1,1,1,1,-0.280533,0.704918,-0.687705,-1,-1,-1
-1,1,-0.714286,-1,0.058824,-1,1,0.5,-1,-1,-1,-0.5,1,-1,-1,-1,-1,-1,1,-1,-1,-1,1,-1,-1,1,-1,-1,1,1,1,1,-0.813867,-0.803279,1,-1,-1,-1
-1,1,-0.714286,-1,-1,-1,1,-0.5,-1,-1,-1,0,1,-1,-1,1,-1,-1,1,-1,-1,-1,1,-1,-1,1,-1,-1,1,1,1,-1,-0.76,0.731148,-1,-1,-1,-1
-1,1,0.142857,-1,-1,-1,1,-0.5,-1,-1,-1,0,1,-1,-1,-1,-1,-1,1,-1,-1,-1,1,-1,-1,1,-1,-1,1,1,1,1,-0.76,-0.508328,1,-1,-1,-1
-1,1,-1,-1,-1,-1,0,-0.5,-1,-1,-1,1,1,-1,-1,-1,-1,-1,1,-1,-1,-1,1,-1,-1,1,-1,-1,1,1,1,1,-0.9728,-0.2,-0.687705,1,-1,-1
-1,1,-0.714286,-1,-1,-1,-1,0.5,0.428571,-1,-1,1,1,-1,-1,-1,-1,-1,1,-1,-1,-1,1,-1,-1,1,-1,-1,1,1,1,-1,-0.28,0.731148,-1,-1,-1,-1
-1,1,-0.714286,-1,-1,-1,1,-0.5,-1,-1,-1,1,1,-1,-1,1,-1,-1,1,-1,-1,-1,1,-1,-1,1,-1,-1,1,1,1,1,0.573333,0.704918,-0.687705,-1,-1,-1
1,1,-0.714286,-1,-1,-1,1,1,-1,1,-1,0,1,-1,-1,-1,-1,-1,1,-1,-1,-1,1,-1,-1,1,-1,-1,1,1,1,1,-0.493333,-0.2,-0.687705,-1,-1,-1
1,1,-0.714286,-1,-1,-1,1,1,-1,1,-1,0,1,-1,-1,-1,-1,-1,1,-1,-1,-1,1,-1,-1,1,-1,-1,1,1,1,1,-0.493333,-0.2,1,-1,-1,-1
-1,1,-0.714286,-1,-1,-1,1,0,-1,1,-1,0.5,1,-1,-1,-1,0,1,1,-1,-1,1,1,-1,-1,1,-1,-1,1,1,1,1,-0.813333,0.6,-0.687705,-1,-1,-1
-1,1,-0.714286,-1,0.058824,-1,1,0.5,-1,-1,-1,-0.5,1,-1,-1,-1,-1,-1,1,-1,-1,-1,1,-1,-1,1,-1,-1,1,1,1,-1,-0.9728,-0.2,-1,-1,-1,-1
1,1,-0.714286,-1,1,1,-1,0.5,-1,-1,-1,0,1,-1,-1,1,-1,-1,1,-1,-1,-1,1,-1,-1,1,-1,-1,1,1,1,1,-0.6,-0.2,-0.687705,-1,-1,-1
-1,1,0.142857,-1,-1,-1,1,-0.5,-1,-1,-1,0,1,-1,-1,-1,0,-1,1,-1,-1,-1,1,-1,-1,1,-1,-1,1,1,1,1,-0.28,-0.344262,-0.687705,-1,-1,-1
-1,1,-1,-1,-1,-1,1,-1,-1,-1,-1,1,1,-1,-1,-1,0,1,1,-1,-1,-1,1,-1,-1,1,-1,-1,1,1,1,1,-0.9728,-0.32459,-0.75,1,-1,-1
0,1,-0.714286,-1,-1,-1,-1,0,-1,1,-1,-1,1,-1,-1,-1,-1,-1,1,1,-1,-1,1,-1,-1,1,-1,-1,1,1,1,1,-0.493333,-0.560656,-0.74959,-1,-1,-1
-1,1,0.142857,-1,-1,-1,1,0,-1,-1,-1,-1,1,-1,-1,-1,-1,-1,1,-1,-1,-1,1,-1,-1,1,-1,-1,1,1,1,1,-0.706667,0.731148,-0.687705,-1,-1,-1
-1,1,-0.714286,-1,-1,-1,1,-0.5,-1,-1,-1,0,1,-1,-1,-1,-1,-1,1,-1,-1,-1,1,-1,-1,1,-1,-1,1,1,1,-1,-0.92,-0.97377,-1,-1,-1,-1
0,1,-0.714286,-1,-1,-1,-1,0,-1,1,-1,-1,1,-1,-1,-1,-1,-1,1,1,-1,-1,1,-1,-1,1,-1,-1,1,1,1,-1,-0.813333,-0.672131,-1,-1,-1,-1
-1,1,-0.714286,-1,0.647059,1,-1,0.5,-1,-1,-1,1,1,-1,-1,-1,-1,-1,1,-1,-1,-1,1,-1,-1,1,-1,-1,1,1,1,-1,-0.706133,-0.2,-1,-1,1,-1
-1,1,0.142857,-1,-1,-1,1,-0.5,-1,-1,-1,0,1,-1,-1,1,1,-1,1,-1,-1,-1,1,-1,-1,1,-1,-1,1,1,1,-1,0.733333,-0.2,-1,-1,1,-1
-1,1,-1,-1,-1,-1,1,-1,-1,-1,-1,1,1,-1,-1,-1,-1,-1,1,-1,-1,-1,1,-1,-1,1,-1,-1,1,1,1,1,-0.760533,-0.2,-0.687705,1,-1,-1
-1,1,0.142857,-1,-1,-1,1,-0.5,-1,-1,-1,0,1,-1,-1,-1,0,-1,1,-1,-1,-1,1,-1,-1,1,-1,-1,1,1,1,-1,-0.7072,0.704918,-1,-1,-1,-1
-1,1,-0.714286,-0.885714,-1,1,-1,0.5,-1,-1,-1,1,1,-1,-1,-1,-1,-1,1,-1,-1,-1,1,-1,-1,1,-1,-1,1,1,1,-1,-0.866667,0.481967,-1,-1,-1,-1
-1,1,0.142857,-1,-1,-1,1,0,-1,-1,-1,0,1,-1,-1,-1,-1,-1,1,-1,-1,-1,1,-1,-1,1,-1,-1,1,1,1,1,-0.813333,-0.201311,-0.74918,-1,-1,-1
-1,1,-1,-1,-1,-1,-1,0.5,0.428571,-1,1,-1,1,-1,-1,-1,-1,-1,1,-1,-1,-1,1,-1,-1,1,-1,-1,1,1,1,1,-0.28,-0.200131,1,-1,-1,-1
-1,1,-0.714286,-1,-1,-1,1,0,-1,1,-1,1,1,-1,-1,-1,-1,-1,1,-1,-1,-1,1,-1,-1,1,-1,-1,1,1,1,-1,-0.8128,0.731148,-1,-1,-1,-1
1,1,-0.714286,-1,0.647059,1,-1,0.5,-1,-1,-1,0,1,-1,-1,-1,-1,-1,1,-1,-1,-1,1,-1,-1,1,-1,-1,1,1,1,-1,-0.066667,0.639344,-1,-1,-1,-1
-1,1,0.142857,-1,-1,-1,1,-0.5,-1,-1,-1,0,1,-1,1,-1,-1,-1,1,-1,-1,-1,1,-1,-1,1,-1,-1,1,1,1,1,0.573333,0.731148,1,-1,-1,-1
-1,1,-0.714286,-1,0.058824,-1,1,0.5,-1,-1,-1,0,1,-1,-1,-1,-1,-1,1,-1,-1,1,1,-1,-1,1,-1,-1,1,1,1,-1,-0.76,-0.2,-1,-1,-1,-1
-1,1,-0.714286,-1,-1,-1,1,-0.5,-1,-1,-1,0.5,1,-1,1,-1,-1,-1,1,-1,-1,-1,1,-1,-1,1,-1,-1,1,1,1,1,-0.813333,-0.2,-0.687705,-1,-1,-1
-1,1,0.714286,-1,-1,-1,1,-0.5,-1,-1,-1,-1,0,-1,-1,-1,-1,-1,1,-1,-1,-1,1,-1,-1,1,-1,-1,1,1,1,1,-0.280533,-0.2,-0.99959,-1,-1,-1
-1,1,-0.714286,-1,0.176471,1,-1,0.5,-1,-1,-1,1,1,-1,-1,-1,-1,-1,1,-1,-1,-1,1,-1,-1,1,-1,-1,1,1,1,-1,-0.706667,-0.200131,-1,-1,-1,-1
1,1,0.142857,-1,-1,-1,1,0,-1,-1,-1,0,1,-1,-1,-1,-1,-1,1,-1,-1,-1,1,-1,-1,1,-1,-1,1,1,1,1,-0.28,-0.2,1,-1,-1,-1
-1,1,-0.428571,0.285714,-1,-1,-1,0.5,-1,-1,-1,-1,1,-1,-1,1,1,-1,1,-1,-1,-1,1,-1,-1,1,-1,-1,1,1,1,-1,0.573333,-0.160656,-1,-1,1,-1
-1,1,0.142857,-1,-1,-1,1,0,-1,-1,-1,-1,1,-1,-1,-1,0,-1,1,-1,-1,-1,1,-1,-1,1,-1,-1,1,1,1,1,-0.706667,0.731148,1,-1,-1,-1
-1,1,-0.714286,-1,-1,-1,1,-0.5,-1,-1,-1,0,1,-1,-1,-1,-1,-1,1,-1,-1,1,1,-1,-1,1,-1,-1,1,1,1,-1,-0.28,-0.2,-1,-1,-1,1
-1,1,-0.142857,-1,-1,-1,-1,0.5,0.714286,-1,-1,1,1,-1,-1,1,-1,-1,1,-1,-1,-1,1,-1,-1,1,-1,-1,1,1,1,-1,-0.28,0.429508,-1,-1,-1,-1
0,1,-1,-1,-1,-1,0,-1,-1,-1,-1,-1,1,-1,-1,-1,-1,-1,1,1,-1,-1,1,-1,-1,1,-1,-1,1,1,1,-1,-0.866667,-0.2,-1,-1,-1,-1
-1,1,-0.714286,-0.714286,-1,-1,-1,0.5,-1,-1,-1,0,1,-1,-1,-1,-1,-1,1,-1,-1,-1,1,-1,-1,1,-1,-1,1,1,1,-1,-0.4928,0.731148,-1,-1,-1,-1
-1,1,-1,-1,-1,-1,1,-1,-1,-1,-1,1,1,-1,-1,-1,-1,-1,1,-1,-1,-1,1,-1,-1,1,-1,-1,1,1,1,1,-0.973333,-0.2,-0.687705,1,-1,-1
-1,1,-0.714286,-1,-1,-1,1,-0.5,-1,-1,-1,0,1,-1,-1,-1,-1,-1,1,-1,-1,-1,1,-1,-1,1,-1,-1,1,1,1,1,-0.76,0.731279,1,-1,-1,-1
-1,1,-0.714286,-1,-1,-1,1,-0.5,-1,-1,-1,0,1,-1,-1,-1,-1,1,1,-1,-1,-1,1,-1,-1,1,-1,-1,1,1,1,1,-0.76,-0.2,1,-1,-1,-1
-1,1,-0.428571,0.571429,-1,-1,-1,0.5,-1,-1,-1,-1,1,-1,-1,1,1,-1,1,-1,-1,-1,1,-1,-1,1,-1,1,1,1,1,-1,-0.333333,-0.160656,-1,-1,-1,-1
-1,1,-0.714286,-1,0.058824,-1,1,0.5,-1,-1,-1,-0.5,1,-1,-1,-1,-1,-1,1,-1,-1,-1,1,-1,-1,1,-1,-1,1,1,1,1,-0.813867,-0.200131,1,-1,-1,-1
-1,1,0.142857,-1,-1,-1,1,0,-1,-1,-1,-1,1,-1,-1,-1,0,1,1,-1,-1,-1,1,-1,-1,1,-1,-1,1,1,1,1,-0.706667,-0.2,-0.687705,-1,-1,-1
0,1,-0.714286,-1,-1,-1,-1,0,-1,1,-1,-1,1,-1,-1,-1,-1,-1,1,-1,-1,-1,1,-1,1,1,-1,-1,1,1,1,1,-0.28,-0.2,-0.688115,-1,-1,-1
0,1,-0.714286,-1,-1,-1,-1,0,-1,1,-1,-1,1,-1,-1,-1,0,-1,1,-1,-1,-1,1,-1,-1,1,-1,-1,1,1,1,-1,-0.813333,-0.2,-1,-1,-1,-1
-1,1,0.142857,-1,-1,-1,1,-0.5,-1,-1,-1,-1,1,-1,-1,-1,-1,1,1,-1,-1,-1,1,-1,-1,1,-1,-1,1,1,1,1,-0.280533,-0.2,1,-1,-1,-1
-1,1,0.142857,-1,-1,-1,1,-0.5,-1,-1,-1,-1,1,-1,-1,-1,0,1,1,-1,-1,-1,1,-1,-1,1,-1,-1,1,1,1,1,-0.066667,-0.2,-0.74918,-1,-1,-1
-1,1,0.142857,-1,-1,-1,-1,0.5,0.428571,-1,-1,-1,1,-1,-1,-1,-1,-1,1,-1,-1,-1,1,-1,-1,1,-1,-1,1,1,1,1,-0.6,-0.2,1,-1,-1,-1
-1,1,-0.714286,-1,-1,-1,1,-0.5,-1,-1,-1,0.5,1,-1,-1,-1,-1,-1,1,-1,-1,-1,1,-1,-1,1,-1,-1,1,1,1,1,-0.600533,-0.2,-0.687705,-1,-1,-1
-1,1,-0.714286,-1,-1,-1,1,-0.5,-1,-1,-1,0.5,1,-1,1,-1,0,1,1,-1,-1,-1,1,-1,-1,1,-1,-1,1,1,1,1,-0.760533,-0.2,-0.688115,-1,-1,-1
-1,1,0.142857,-0.828571,-1,1,-1,0.5,-1,-1,-1,-1,1,-1,1,-1,-1,-1,1,-1,-1,-1,1,-1,-1,1,-1,-1,1,1,1,-1,-0.866667,-0.967213,-1,-1,-1,-1
-1,1,-0.714286,-1,0.058824,-1,1,0.5,-1,-1,-1,-0.5,1,-1,-1,-1,-1,1,1,-1,-1,-1,1,-1,-1,1,-1,-1,1,1,1,1,-0.76,-0.2,-0.687705,-1,-1,-1
-1,1,-0.714286,-1,0.058824,-1,1,0.5,-1,-1,-1,-0.5,1,-1,-1,-1,0,-1,1,-1,-1,-1,1,-1,-1,1,-1,-1,1,1,1,-1,-0.28,-0.2,-1,-1,-1,-1
0,1,-0.714286,-1,-1,-1,-1,0,-1,1,-1,-1,1,-1,-1,-1,-1,-1,1,-1,1,-1,1,-1,-1,1,-1,-1,1,1,1,1,-0.866667,0.6,1,-1,-1,-1
-1,1,0.142857,-1,-1,-1,1,-0.5,-1,-1,-1,0,1,-1,1,-1,0,-1,1,-1,-1,-1,1,-1,-1,1,-1,-1,1,1,1,1,-0.76,0.704918,1,-1,-1,-1
-1,1,-0.714286,-1,-1,-1,1,-0.5,-1,-1,-1,0,1,-1,-1,-1,0,-1,1,-1,-1,-1,1,-1,-1,1,-1,-1,1,1,1,1,-0.76,-0.200131,-0.687705,-1,-1,-1
-1,1,-1,-1,-1,1,1,-0.5,-1,-1,-1,-1,1,-1,-1,-1,-1,-1,1,-1,-1,-1,1,-1,-1,1,-1,-1,1,1,1,-1,-0.76,0.731148,-1,-1,-1,-1
-1,1,-0.714286,-1,0.647059,1,-1,0.5,-1,-1,-1,1,1,-1,-1,-1,0,-1,1,-1,-1,-1,1,-1,-1,1,-1,-1,1,1,1,-1,-0.706667,-0.934426,-1,-1,-1,-1
0,1,-0.714286,-1,-1,-1,-1,0,-1,1,-1,-1,1,-1,-1,-1,-1,-1,1,1,-1,-1,1,-1,-1,1,-1,-1,1,1,1,1,-0.813333,0.6,-0.688115,-1,-1,-1
-1,1,0.142857,-1,-1,-1,1,-0.5,-1,-1,-1,0,1,-1,1,-1,-1,-1,1,-1,-1,-1,1,-1,-1,1,-1,-1,1,1,1,1,-0.760533,-0.2,1,1,-1,-1
-1,1,0.142857,-1,-1,-1,-1,0.5,0.428571,-1,-1,-1,1,-1,-1,-1,-1,-1,1,-1,-1,-1,1,-1,-1,1,-1,-1,1,1,1,1,-0.6,0.442623,-0.687705,-1,-1,-1
-1,1,-0.142857,-1,-1,-1,-1,0.5,0.714286,-1,-1,1,1,-1,-1,-1,-1,-1,1,-1,-1,-1,1,-1,-1,1,-1,-1,1,1,1,-1,-0.28,0.429508,-1,-1,-1,-1
-1,1,-0.714286,-1,1,1,-1,0.5,-1,-1,-1,1,1,-1,-1,-1,-1,-1,1,-1,-1,-1,1,-1,-1,1,-1,-1,1,1,1,-1,0.573333,-0.2,-1,1,-1,-1
-1,1,-0.714286,-1,0.058824,-1,1,0.5,-1,-1,-1,-0.5,1,-1,-1,-1,-1,-1,1,-1,-1,-1,1,-1,-1,1,-1,-1,1,1,1,1,-0.813867,-0.318033,1,-1,-1,-1
1,1,0.142857,-1,-1,-1,0,-0.5,-1,-1,-1,1,1,-1,-1,-1,-1,-1,1,-1,-1,-1,1,-1,-1,1,-1,-1,1,1,1,-1,-1,-0.97377,-1,-1,-1,-1
-1,1,0.428571,-1,-1,-1,-1,0.5,0.142857,-1,-1,-1,1,-1,-1,-1,-1,-1,1,-1,-1,-1,1,-1,-1,1,1,-1,1,1,1,-1,-0.706667,-0.901639,-1,-1,-1,-1
-1,1,0.142857,-1,-1,-1,1,-0.5,-1,-1,-1,0,1,-1,-1,-1,-1,-1,1,-1,-1,-1,1,-1,-1,1,-1,-1,1,1,1,1,-0.760533,-0.2,1,1,-1,-1
-1,1,-0.714286,-1,-1,-1,1,-0.5,-1,-1,-1,1,1,-1,-1,1,-1,-1,1,-1,-1,-1,1,-1,-1,1,-1,-1,1,1,1,1,-0.76,0.704918,1,-1,-1,-1
-1,1,-0.714286,-1,0.058824,-1,1,0.5,-1,-1,-1,-0.5,1,-1,-1,-1,0,-1,1,-1,-1,-1,1,-1,-1,1,-1,-1,1,1,1,-1,-0.760533,0.731148,-1,-1,-1,-1
-1,1,-0.714286,-0.885714,-1,1,-1,0.5,-1,-1,-1,1,1,-1,-1,-1,-1,-1,1,-1,-1,-1,1,-1,-1,1,-1,-1,1,1,1,-1,-0.6,0.481967,-1,-1,-1,-1
-1,1,-1,-1,0.176471,1,-1,0.5,-1,-1,-1,1,1,-1,-1,-1,-1,-1,1,-1,-1,-1,1,-1,-1,1,-1,1,1,1,1,-1,-0.8928,0.731148,-1,-1,-1,-1
0,1,-0.714286,-1,-1,-1,-1,0,-1,1,-1,-1,1,-1,-1,-1,-1,-1,1,-1,-1,-1,1,-1,1,1,-1,-1,1,1,1,-1,-0.28,0.6,-1,-1,-1,-1
-1,1,1,-1,-1,-1,-1,0.5,-0.114286,-1,-1,1,1,-1,-1,-1,-1,-1,1,-1,-1,-1,1,-1,-1,1,-1,-1,1,1,1,-1,-0.280533,0.672131,-1,-1,-1,-1
0,1,-0.714286,-1,-1,-1,-1,0,-1,1,-1,-1,1,-1,-1,-1,-1,-1,1,1,-1,-1,1,-1,-1,1,-1,-1,1,1,1,1,-0.28,-0.2,1,-1,-1,-1
-1,1,0.142857,-1,-1,-1,1,0,-1,-1,-1,-1,1,-1,-1,-1,-1,-1,1,-1,-1,-1,1,-1,-1,1,-1,-1,1,1,1,-1,-0.280533,-0.2,-1,-1,-1,-1
-1,1,0.142857,-1,-1,-1,1,-0.5,-1,-1,-1,-1,1,-1,-1,-1,0,1,1,-1,-1,-1,1,-1,-1,1,-1,-1,1,1,1,1,-0.066667,-0.2,0.709016,-1,-1,-1
-1,1,0.142857,-1,-1,-1,1,-0.5,-1,-1,-1,0,1,-1,-1,-1,-1,-1,1,-1,-1,-1,1,-1,-1,1,-1,-1,1,1,1,-1,-0.493333,0.6,-1,-1,-1,-1
-1,1,-0.428571,0.285714,-1,-1,-1,0.5,-1,-1,-1,-1,1,-1,-1,-1,-1,-1,1,-1,-1,-1,1,-1,-1,1,-1,-1,1,1,1,-1,-0.552,-0.2,-1,-1,-1,-1
-1,1,0.142857,-1,-1,-1,1,-0.5,-1,-1,-1,-1,1,-1,-1,-1,0,1,1,-1,-1,-1,1,-1,-1,1,-1,-1,1,1,1,1,-0.280533,0.704918,-0.687705,-1,-1,-1
-1,1,0.714286,-1,-1,-1,1,-0.5,-1,-1,-1,-1,0,-1,-1,-1,-1,-1,1,-1,-1,-1,1,-1,-1,1,-1,-1,1,1,1,-1,-0.4928,1,-1,-1,-1,-1
-1,1,-0.428571,0.571429,-1,-1,-1,0.5,-1,-1,-1,-1,1,-1,-1,1,-1,-1,1,-1,-1,-1,1,-1,-1,1,-1,-1,1,1,1,-1,-0.546667,0.180328,-1,-1,-1,-1
-1,1,0.142857,-1,-1,-1,1,0,-1,-1,-1,-1,1,-1,-1,-1,-1,-1,1,-1,-1,-1,1,-1,-1,1,-1,-1,1,1,1,1,-0.066667,1,-0.74918,-1,-1,-1
-1,1,-0.714286,-1,-1,-1,1,-0.5,-1,-1,-1,0,1,-1,-1,-1,1,-1,1,-1,-1,-1,1,-1,-1,1,-1,-1,1,1,1,-1,0.733333,-0.2,-1,-1,1,-1
-1,1,-0.714286,-1,0.176471,1,-1,0.5,-1,-1,-1,1,1,-1,-1,1,-1,-1,1,-1,-1,-1,1,-1,-1,1,-1,-1,1,1,1,-1,-0.813333,-0.2,-1,-1,-1,-1
0,1,-0.714286,-1,-1,-1,-1,0,-1,1,-1,-1,1,-1,-1,-1,-1,-1,1,-1,1,-1,1,-1,-1,1,-1,-1,1,1,1,-1,-0.28,-0.2,-1,-1,-1,-1
-1,1,1,-1,-1,-1,-1,0.5,-0.114286,-1,-1,1,1,-1,1,-1,-1,-1,1,-1,-1,-1,1,-1,-1,1,-1,-1,1,1,1,1,0.2,-0.2,1,-1,-1,-1
-1,1,-0.714286,-1,0.411765,1,-1,0.5,-1,-1,-1,1,1,-1,-1,-1,-1,-1,1,-1,-1,-1,1,-1,-1,1,-1,1,1,1,1,-1,-0.813333,-0.934426,-1,-1,-1,-1
-1,1,-0.714286,-1,0.058824,-1,1,0.5,-1,-1,-1,-0.5,1,-1,-1,-1,-1,-1,1,-1,-1,-1,1,-1,-1,1,-1,-1,1,1,1,1,-0.760533,0.731148,-0.688525,0,-1,-1
-1,1,0.142857,-1,-1,-1,0,0,-1,-1,-1,1,1,-1,-1,-1,-1,-1,1,-1,-1,1,1,-1,-1,1,-1,-1,1,1,1,-1,-0.92,-0.923934,-1,-1,-1,-1
-1,1,0.142857,-1,-1,-1,1,-0.5,-1,-1,-1,0,1,-1,-1,-1,0,-1,1,-1,-1,-1,1,-1,-1,1,-1,-1,1,1,1,-1,0.573333,-0.200131,-1,-1,-1,-1
-1,1,-1,-1,-1,-1,0,-0.5,-1,-1,-1,1,1,-1,-1,-1,-1,-1,1,-1,-1,-1,1,-1,-1,1,-1,-1,1,1,1,-1,-0.76,0.731148,-1,-1,-1,-1
1,1,-0.714286,-1,0.176471,1,-1,0.5,-1,-1,-1,0,1,-1,1,-1,-1,-1,1,-1,-1,-1,1,-1,-1,1,-1,-1,1,1,1,-1,-0.28,0.639344,-1,-1,-1,-1
-1,1,0.142857,-1,-1,-1,1,0,-1,-1,-1,-1,1,-1,-1,-1,-1,-1,1,-1,-1,-1,1,-1,-1,1,-1,-1,1,1,1,1,-0.279467,0.088525,-0.638934,-1,-1,-1
-1,1,-0.142857,-1,-1,-1,-1,0.5,0,-1,-1,1,1,-1,-1,1,-1,-1,1,-1,-1,-1,1,-1,-1,1,-1,-1,1,1,1,-1,-0.653333,0.731148,-1,-1,-1,-1
-1,1,0.714286,-1,-1,-1,1,-0.5,-1,-1,-1,-1,0,-1,-1,-1,-1,-1,1,-1,-1,-1,1,-1,-1,1,-1,-1,1,1,1,-1,-0.066667,1,-1,-1,-1,-1
-1,1,-0.714286,-1,-1,-1,1,-0.5,-1,-1,-1,0.5,1,-1,1,-1,0,-1,1,-1,-1,-1,1,-1,-1,1,-1,-1,1,1,1,1,-0.760533,-0.318033,-0.687705,-1,-1,-1
-1,1,-0.714286,-1,0.411765,1,-1,0.5,-1,-1,-1,1,1,-1,-1,-1,-1,-1,1,-1,-1,1,1,-1,-1,1,-1,-1,1,1,1,-1,-0.706667,-0.068721,-1,-1,-1,-1
1,1,-0.714286,-1,0.176471,1,-1,0.5,-1,-1,-1,0,1,-1,-1,-1,-1,-1,1,-1,-1,-1,1,-1,-1,1,-1,-1,1,1,1,-1,-0.813333,-0.2,-1,-1,-1,-1
-1,1,0.142857,-1,-1,-1,-1,0.5,0.428571,-1,-1,-1,1,-1,-1,1,-1,-1,1,-1,-1,-1,1,-1,-1,1,-1,-1,1,1,1,-1,-0.28,0.731148,-1,-1,-1,-1
-1,1,0.142857,-1,-1,-1,1,0,-1,-1,-1,0,1,-1,-1,-1,-1,-1,1,-1,-1,-1,1,-1,-1,1,-1,-1,1,1,1,1,-0.813333,-0.2,1,-1,-1,-1
-1,1,-0.714286,-1,-1,-1,1,-0.5,-1,-1,-1,0,1,-1,-1,-1,0,1,1,-1,-1,-1,1,-1,-1,1,-1,-1,1,1,1,1,-0.28,0.731148,-0.590164,-1,-1,-1
-1,1,-0.714286,-1,-1,-1,1,-0.5,-1,-1,-1,1,1,-1,-1,-1,0,1,1,-1,-1,-1,1,-1,-1,1,-1,-1,1,1,1,1,-0.76,-0.2,1,-1,-1,-1
-1,1,-0.714286,-1,0.058824,-1,1,0.5,-1,-1,-1,-0.5,1,-1,-1,-1,-1,-1,1,-1,-1,-1,1,-1,-1,1,-1,-1,1,1,1,-1,-0.760533,0.731148,-1,0,-1,-1
-1,1,-0.714286,-1,1,1,-1,0.5,-1,-1,-1,1,1,-1,-1,-1,1,-1,1,-1,-1,-1,1,-1,-1,1,-1,1,1,1,1,-1,0.573867,0.311475,-1,-1,1,-1
0,1,-0.714286,-1,-1,-1,-1,0,-1,1,-1,-1,1,-1,-1,-1,0,-1,1,-1,-1,-1,1,-1,1,1,-1,-1,1,1,1,1,-0.813333,0.6,1,-1,-1,-1
1,1,-0.714286,-1,-1,-1,1,0,-1,1,-1,0,1,-1,-1,-1,-1,-1,1,-1,-1,-1,1,-1,-1,1,-1,-1,1,1,1,-1,-0.6,-0.901639,-1,-1,-1,-1
0,1,-1,-1,-1,-1,0,-1,-1,-1,-1,-1,1,-1,-1,-1,-1,-1,1,-1,1,-1,1,-1,-1,1,-1,-1,1,1,1,-1,-0.28,0.6,-1,-1,-1,-1
-1,1,-0.714286,-1,-1,-1,1,-0.5,-1,-1,-1,0,1,-1,-1,-1,0,-1,1,-1,-1,-1,1,-1,-1,1,-1,-1,1,1,1,-1,0.573333,-0.200131,-1,-1,-1,-1
-1,1,0.142857,-1,-1,-1,1,-0.5,-1,-1,-1,0,1,-1,-1,-1,-1,-1,1,-1,-1,-1,1,-1,-1,1,-1,1,1,1,1,-1,-0.76,0.731148,-1,-1,-1,-1
-1,1,-0.714286,-1,0.647059,1,-1,0.5,-1,-1,-1,1,1,-1,-1,-1,0,-1,1,-1,-1,-1,1,-1,-1,1,-1,-1,1,1,1,-1,0.2,-0.200131,-1,-1,-1,-1
-1,1,-0.714286,-1,-1,-1,1,-0.5,-1,-1,-1,0.5,1,-1,1,-1,0,1,1,-1,-1,-1,1,-1,-1,1,-1,-1,1,1,1,1,-0.760533,-0.200131,-1,-1,-1,-1
-1,1,0.142857,-1,-1,-1,1,-0.5,-1,-1,-1,0,1,-1,-1,-1,0,1,1,-1,-1,-1,1,-1,-1,1,-1,-1,1,1,1,1,0.573333,-0.2,-0.590164,-1,-1,-1
-1,1,0.142857,-1,-1,-1,1,-0.5,-1,-1,-1,0,1,-1,-1,-1,-1,-1,1,-1,-1,-1,1,-1,-1,1,-1,-1,1,1,1,-1,-0.653333,0.267016,-1,-1,-1,-1
-1,1,-0.714286,-1,-1,-1,1,0,-1,1,-1,0,1,-1,-1,1,-1,-1,1,-1,-1,-1,1,-1,-1,1,-1,-1,1,1,1,-1,-0.599467,-0.2,-1,-1,-1,-1
-1,1,0.142857,-1,-1,-1,1,0,-1,-1,-1,0,1,-1,-1,-1,-1,-1,1,-1,-1,-1,1,-1,-1,1,-1,-1,1,1,1,1,-0.8128,-0.508197,-0.74918,-1,-1,-1
0,1,-0.714286,-1,-1,-1,-1,0,-1,1,-1,-1,1,-1,-1,-1,-1,-1,1,1,-1,-1,1,-1,-1,1,-1,-1,1,1,1,-1,-0.706667,-0.934426,-1,-1,-1,-1
-1,1,-0.428571,0.285714,-1,-1,-1,0.5,-1,-1,-1,-1,1,-1,-1,-1,-1,-1,1,-1,-1,-1,1,-1,-1,1,-1,-1,1,1,1,-1,-0.813333,-0.2,-1,-1,-1,-1
-1,1,-0.714286,-1,-1,-1,1,-0.5,-1,-1,-1,0,1,-1,-1,-1,-1,-1,1,-1,-1,-1,1,-1,-1,1,-1,-1,1,1,1,-1,0.573333,0.731148,-1,-1,-1,-1
0,1,-0.714286,-1,-1,-1,-1,0,-1,1,-1,-1,1,-1,-1,-1,-1,-1,1,1,-1,-1,1,-1,-1,1,-1,-1,1,1,1,1,-0.813333,-0.2,1,-1,-1,-1
-1,1,-0.714286,-1,-1,-1,1,-0.5,-1,-1,-1,0.5,1,-1,-1,-1,-1,-1,1,-1,-1,-1,1,-1,-1,1,-1,-1,1,1,1,1,-0.600533,0.6,-0.687705,-1,-1,-1
-1,1,0.142857,-1,-1,-1,1,-0.5,-1,-1,-1,-1,1,-1,-1,-1,-1,-1,1,-1,-1,-1,1,-1,-1,1,-1,-1,1,1,1,-1,-0.28,-0.934426,-1,-1,-1,-1
-1,1,-0.714286,-1,-1,-1,1,-0.5,-1,-1,-1,1,1,-1,-1,-1,-1,-1,1,-1,-1,-1,1,-1,-1,1,-1,-1,1,1,1,1,-0.493333,-0.560656,0.709016,-1,-1,-1
1,1,-0.714286,-1,-1,-1,1,1,-1,1,-1,0,1,-1,-1,-1,-1,-1,1,-1,-1,-1,1,-1,-1,1,-1,-1,1,1,1,1,-0.493333,0.639344,1,0,-1,-1
-1,1,1,-1,-1,-1,-1,0.5,-0.114286,-1,-1,1,1,-1,-1,-1,-1,-1,1,-1,-1,-1,1,-1,-1,1,-1,-1,1,1,1,-1,0.2,0.672,-1,-1,1,-1
-1,1,0.142857,-1,-1,-1,1,-0.5,-1,-1,-1,0,1,-1,-1,-1,-1,-1,1,-1,-1,-1,1,-1,-1,1,-1,-1,1,1,1,-1,-0.76,-0.2,-1,-1,-1,-1
-1,1,0.714286,-1,-1,-1,1,-0.5,-1,-1,-1,-1,0,-1,-1,-1,-1,-1,1,-1,-1,-1,1,-1,-1,1,-1,-1,1,1,1,1,-0.706667,0.731148,-0.99959,-1,-1,-1
-1,1,-0.714286,-1,1,1,-1,0.5,-1,-1,-1,1,1,-1,-1,-1,-1,-1,1,-1,-1,-1,1,-1,-1,1,-1,-1,1,1,1,-1,0.573333,-0.200131,-1,-1,-1,-1
0,1,-0.714286,-1,-1,-1,-1,0,-1,1,-1,-1,1,-1,-1,-1,-1,-1,1,-1,-1,-1,1,-1,1,1,-1,-1,1,1,1,-1,-0.28,-0.934426,-1,-1,-1,-1
-1,1,-0.714286,-1,-1,-1,1,-0.5,-1,-1,-1,0,1,-1,1,-1,-1,-1,1,-1,-1,-1,1,-1,-1,1,-1,-1,1,1,1,1,-0.760533,-0.2,1,1,-1,-1
-1,1,-0.714286,-1,-1,-1,1,-0.5,-1,-1,-1,0,1,-1,1,-1,0,1,1,-1,-1,-1,1,-1,-1,1,-1,-1,1,1,1,1,-0.280533,0.704918,1,-1,-1,-1
-1,1,-0.714286,-1,-1,-1,1,-0.5,-1,-1,-1,0,1,-1,1,-1,-1,-1,1,-1,-1,-1,1,-1,-1,1,-1,-1,1,1,1,1,-0.76,-0.2,1,-1,-1,-1
-1,1,-0.714286,-1,-1,-1,1,0,-1,1,-1,0,1,-1,-1,-1,-1,-1,1,-1,-1,-1,1,-1,-1,1,-1,1,1,1,1,-1,-0.813333,0.731148,-1,-1,-1,-1
-1,1,-1,-1,-1,-1,0,-0.5,-1,-1,-1,1,1,-1,-1,-1,-1,-1,1,-1,-1,-1,1,-1,-1,1,-1,-1,1,1,1,1,-0.9728,-0.2,1,1,-1,-1
-1,1,-0.714286,-1,-1,-1,1,-0.5,-1,-1,-1,0.5,1,-1,1,-1,0,1,1,-1,-1,-1,1,-1,-1,1,-1,-1,1,1,1,1,-0.813333,0.6,-0.687705,-1,-1,-1
1,1,0.142857,-1,-1,-1,-1,0.5,-0.142857,-1,-1,-1,1,-1,-1,-1,-1,-1,1,-1,-1,-1,1,1,-1,1,-1,-1,1,1,1,-1,-0.706667,0.200131,-1,-1,-1,-1
-1,1,-0.714286,-1,1,1,-1,0.5,-1,-1,-1,1,1,-1,-1,-1,1,-1,1,-1,-1,-1,1,-1,-1,1,-1,-1,1,1,1,-1,1,0.311475,-1,-1,1,-1
-1,1,-0.428571,0.857143,-1,-1,-1,0.5,-1,-1,-1,-1,1,-1,-1,1,1,-1,1,-1,-1,-1,1,-1,-1,1,-1,-1,1,1,1,-1,-0.333333,-0.160656,-1,-1,-1,-1
0,1,-0.714286,-1,-1,-1,-1,0,-1,1,-1,-1,1,-1,-1,-1,-1,-1,1,1,-1,-1,1,-1,-1,1,-1,-1,1,1,1,1,-0.493333,-0.560656,-0.74918,-1,-1,-1
-1,1,-0.714286,-1,-1,-1,1,-0.5,-1,-1,-1,0.5,1,-1,1,-1,-1,1,1,-1,-1,-1,1,-1,-1,1,-1,-1,1,1,1,1,-0.813333,-0.318033,1,-1,-1,-1
-1,1,-0.714286,-1,-1,-1,1,-0.5,-1,-1,-1,0,1,-1,1,-1,-1,-1,1,-1,-1,-1,1,-1,-1,1,-1,-1,1,1,1,-1,-0.28,0.731148,-1,-1,-1,-1
-1,1,0.142857,-1,-1,-1,1,-0.5,-1,-1,-1,0,1,-1,-1,-1,-1,-1,1,-1,-1,-1,1,-1,-1,1,-1,1,1,1,1,-1,0.573333,0.731148,-1,-1,-1,-1
-1,1,-0.714286,-1,-1,-1,1,-0.5,-1,-1,-1,1,1,-1,-1,-1,-1,-1,1,-1,-1,-1,1,-1,-1,1,-1,-1,1,1,1,-1,-0.92,-0.97377,-1,-1,-1,-1
-1,1,-0.714286,-1,-1,-1,1,-0.5,-1,-1,-1,0,1,-1,1,-1,-1,-1,1,-1,-1,-1,1,-1,-1,1,-1,-1,1,1,1,1,-0.973333,-0.2,1,1,-1,-1
-1,1,-0.714286,-1,-1,-1,1,-0.5,-1,-1,-1,0.5,1,-1,1,-1,0,-1,1,-1,-1,-1,1,-1,-1,1,-1,-1,1,1,1,1,-0.813333,-0.2,1,-1,-1,-1
-1,1,-0.714286,-1,-1,-1,1,-0.5,-1,-1,-1,0.5,1,-1,1,-1,-1,1,1,-1,-1,-1,1,-1,-1,1,-1,-1,1,1,1,1,-0.760533,-0.318033,1,-1,-1,-1
-1,1,-0.714286,-1,0.058824,-1,1,0.5,-1,-1,-1,-0.5,1,-1,-1,-1,0,1,1,-1,-1,-1,1,-1,-1,1,-1,-1,1,1,1,1,-0.973333,-0.2,-0.687705,-1,-1,-1
-1,1,0.142857,-1,-1,-1,1,-0.5,-1,-1,-1,0,1,-1,1,-1,-1,-1,1,-1,-1,-1,1,-1,-1,1,-1,-1,1,1,1,-1,-0.760533,-0.2,-1,-1,-1,1
-1,1,0.142857,-1,-1,-1,1,-0.5,-1,-1,-1,0,1,-1,-1,-1,-1,-1,1,-1,-1,-1,1,-1,-1,1,-1,-1,1,1,1,1,0.573333,-0.2,-0.687705,-1,-1,-1
1,1,-0.714286,-1,0.176471,1,-1,0.5,-1,-1,-1,0,1,-1,-1,-1,-1,-1,1,-1,-1,-1,1,-1,-1,1,-1,-1,1,1,1,-1,-0.813333,0.639344,-1,-1,-1,-1
-1,1,-0.714286,-1,-1,-1,1,-0.5,-1,-1,-1,0,1,-1,1,-1,-1,-1,1,-1,-1,-1,1,-1,-1,1,-1,-1,1,1,1,-1,-0.28,0.731148,-1,-1,-1,-1
-1,1,-0.714286,-1,-1,-1,1,-0.5,-1,-1,-1,0,1,-1,-1,-1,-1,-1,1,-1,-1,-1,1,-1,-1,1,-1,-1,1,1,1,1,-0.973333,0.731148,-0.687705,1,-1,-1
-1,1,0.142857,-1,-1,-1,1,-0.5,-1,-1,-1,0,1,-1,-1,-1,-1,-1,1,-1,-1,-1,1,-1,-1,1,-1,-1,1,1,1,1,-0.760533,-0.2,-0.687705,0,-1,-1
-1,1,0.142857,-1,-1,-1,1,-0.5,-1,-1,-1,0,1,-1,-1,-1,-1,-1,1,-1,-1,-1,1,-1,-1,1,-1,-1,1,1,1,-1,-0.6528,0.267016,-1,-1,-1,-1
-1,1,0.142857,-1,-1,-1,1,-0.5,-1,-1,-1,0,1,-1,-1,-1,0,1,1,-1,-1,-1,1,-1,-1,1,-1,-1,1,1,1,1,-0.973333,-0.219672,1,-1,-1,-1
-1,1,-0.714286,-1,-1,-1,1,-0.5,-1,-1,-1,0.5,1,-1,1,-1,0,1,1,-1,-1,-1,1,-1,-1,1,-1,-1,1,1,1,1,-0.813333,0.6,1,-1,-1,-1
-1,1,-0.714286,-1,-1,-1,1,-0.5,-1,-1,-1,0.5,1,-1,1,-1,-1,1,1,-1,-1,-1,1,-1,-1,1,-1,-1,1,1,1,1,-0.760533,-0.200131,1,-1,-1,-1
-1,1,0.428571,1,-1,-1,-1,0.5,-1,-1,-1,-1,1,-1,-1,-1,1,-1,1,-1,-1,-1,1,-1,-1,1,-1,-1,1,1,1,1,-0.066667,0.311475,1,-1,-1,-1
-1,1,-0.714286,-1,-1,-1,1,0,-1,1,-1,0,1,-1,-1,-1,-1,-1,1,-1,-1,-1,1,-1,-1,1,-1,-1,1,1,1,1,-0.6,-0.2,1,-1,-1,-1
-1,1,-1,-1,-1,-1,1,-1,-1,-1,-1,1,1,-1,-1,-1,-1,-1,1,-1,-1,-1,1,-1,-1,1,-1,-1,1,1,1,-1,0.573333,-0.921311,-1,-1,-1,-1
-1,1,-0.428571,0.571429,-1,-1,-1,0.5,-1,-1,-1,-1,1,-1,-1,-1,-1,-1,1,-1,-1,-1,1,-1,-1,1,-1,-1,1,1,1,-1,-0.6,0.180328,-1,-1,-1,-1
-1,1,-0.714286,-1,0.058824,-1,1,0.5,-1,-1,-1,-0.5,1,-1,-1,-1,-1,-1,1,-1,-1,-1,1,-1,-1,1,-1,-1,1,1,1,-1,-0.76,0.731148,-1,-1,-1,-1
-1,1,0.142857,-1,-1,-1,1,-0.5,-1,-1,-1,0,1,-1,1,-1,-1,-1,1,-1,-1,-1,1,-1,-1,1,-1,-1,1,1,1,-1,-0.28,0.731148,-1,-1,-1,1
-1,1,-0.714286,-1,0.058824,-1,1,0.5,-1,-1,-1,-0.5,1,-1,-1,-1,-1,-1,1,-1,-1,-1,1,-1,-1,1,-1,-1,1,1,1,1,-0.28,-0.2,-0.687705,-1,-1,-1
-1,1,-0.428571,0.571429,-1,-1,-1,0.5,-1,-1,-1,-1,1,-1,-1,-1,1,-1,1,-1,-1,-1,1,-1,-1,1,-1,1,1,1,1,-1,0.093333,0.180328,-1,-1,0.666667,-1
-1,1,0.142857,-1,-1,-1,1,-0.5,-1,-1,-1,-1,1,-1,-1,1,-1,-1,1,-1,-1,-1,1,-1,-1,1,-1,-1,1,1,1,1,-0.706667,0.704918,-0.687705,-1,-1,-1
-1,1,-1,-1,-1,-1,0,-0.5,-1,-1,-1,1,1,-1,-1,-1,-1,-1,1,-1,-1,-1,1,-1,-1,1,-1,-1,1,1,1,1,-0.9728,0.731148,1,1,-1,-1
-1,1,-0.714286,-1,0.176471,1,-1,0.5,-1,-1,-1,1,1,-1,-1,1,-1,-1,1,-1,-1,-1,1,-1,-1,1,-1,-1,1,1,1,-1,-0.8128,-0.2,-1,-1,-1,-1
-1,1,0.142857,-1,-1,-1,1,-0.5,-1,-1,-1,0,1,-1,-1,-1,-1,-1,1,-1,-1,-1,1,-1,-1,1,-1,-1,1,1,1,1,0.573333,0.731148,-0.687705,-1,-1,-1
-1,1,-0.142857,-1,-1,-1,-1,0.5,0.714286,-1,-1,1,1,-1,-1,1,-1,-1,1,-1,-1,-1,1,-1,-1,1,-1,-1,1,1,1,-1,-0.44,0.429508,-1,-1,-1,-1
-1,1,-0.714286,-1,-1,-1,1,-0.5,-1,-1,-1,0.5,1,-1,-1,-1,-1,-1,1,-1,-1,-1,1,-1,-1,1,-1,-1,1,1,1,1,-0.760533,-0.318033,1,-1,-1,-1
-1,1,-0.142857,-1,-1,-1,-1,0.5,0.714286,-1,-1,1,1,-1,-1,1,-1,-1,1,-1,-1,-1,1,-1,-1,1,-1,-1,1,1,1,1,-0.653333,-0.2,-0.5,-1,-1,-1
-1,1,0.142857,-1,-1,-1,1,-0.5,-1,-1,-1,0,1,-1,-1,1,-1,-1,1,-1,-1,-1,1,-1,-1,1,-1,-1,1,1,1,1,0.573333,0.704918,-0.687705,-1,-1,-1
-1,1,-0.142857,-1,-1,-1,-1,0.5,0,-1,-1,1,1,-1,-1,-1,-1,-1,1,-1,-1,-1,1,-1,-1,1,-1,-1,1,1,1,-1,-0.3872,-0.200131,-1,-1,-1,-1
-1,1,0.142857,-1,-1,-1,1,0,-1,-1,-1,-1,1,-1,-1,-1,-1,-1,1,-1,-1,-1,1,-1,-1,1,-1,-1,1,1,1,1,-0.280533,-0.2,-0.688115,-1,-1,-1
-1,1,-0.714286,-1,-1,-1,1,-0.5,-1,-1,-1,0,1,-1,-1,-1,-1,-1,1,-1,-1,-1,1,-1,-1,1,-1,-1,1,1,1,-1,-0.760533,-0.2,-1,0,-1,-1
-1,1,0.142857,-1,-1,-1,1,-0.5,-1,-1,-1,0,1,-1,-1,-1,-1,-1,1,-1,-1,-1,1,-1,-1,1,-1,-1,1,1,1,-1,-0.76,0.6,-1,-1,-1,-1
-1,1,0.142857,-1,-1,-1,1,-0.5,-1,-1,-1,0,1,-1,-1,1,-1,-1,1,-1,-1,-1,1,-1,-1,1,-1,-1,1,1,1,-1,-0.760533,0.731148,-1,-1,-1,-1
-1,1,-0.714286,-1,0.058824,-1,1,0.5,-1,-1,-1,-0.5,1,-1,-1,-1,-1,-1,1,-1,-1,-1,1,-1,-1,1,-1,-1,1,1,1,1,-0.813867,-0.2,-0.688115,-1,-1,-1
-1,1,-0.714286,-1,-1,-1,1,-0.5,-1,-1,-1,0.5,1,-1,1,-1,-1,-1,1,-1,-1,-1,1,-1,-1,1,-1,-1,1,1,1,1,-0.760533,-0.2,-0.836066,-1,-1,-1
-1,1,-0.714286,-1,0.058824,-1,1,0.5,-1,-1,-1,-0.5,1,-1,-1,-1,-1,-1,1,-1,-1,-1,1,-1,-1,1,-1,-1,1,1,1,1,-0.28,0.731148,-0.74918,-1,-1,-1
0,1,-1,-1,-1,-1,0,-1,-1,-1,-1,-1,1,-1,-1,-1,-1,-1,1,1,-1,-1,1,-1,-1,1,-1,-1,1,1,1,1,-0.866667,-0.200131,-0.74918,-1,-1,-1
-1,1,-0.714286,-1,0.058824,-1,1,0.5,-1,-1,-1,-0.5,1,-1,-1,-1,0,-1,1,-1,-1,-1,1,-1,-1,1,-1,-1,1,1,1,-1,-0.9728,0.731148,-1,-1,-1,-1
-1,1,-0.428571,0.857143,-1,-1,-1,0.5,-1,-1,-1,-1,1,-1,-1,-1,1,-1,1,-1,-1,-1,1,-1,-1,1,-1,-1,1,1,1,-1,0.573333,-0.160656,-1,-1,0.666667,-1
-1,1,-0.714286,-1,-1,-1,1,0,-1,1,-1,0.5,1,-1,-1,-1,0,1,1,-1,-1,1,1,-1,-1,1,-1,-1,1,1,1,1,-0.813333,-0.2,-0.687705,-1,-1,-1
0,1,-0.714286,-1,-1,-1,-1,0,-1,1,-1,-1,1,-1,-1,-1,-1,-1,1,-1,-1,-1,1,-1,1,1,-1,-1,1,1,1,-1,-0.813333,-0.672262,-1,-1,-1,-1
-1,1,0.142857,-1,-1,-1,1,-0.5,-1,-1,-1,0,1,-1,-1,-1,-1,-1,1,-1,-1,-1,1,-1,-1,1,-1,-1,1,1,1,-1,-0.76,-0.2,-1,-1,-1,-1
-1,1,0.142857,-1,-1,-1,1,-0.5,-1,-1,-1,0,1,-1,1,-1,-1,1,1,-1,-1,-1,1,-1,-1,1,-1,-1,1,1,1,1,0.573333,0.704918,-0.687705,-1,-1,-1
-1,1,-0.714286,-1,-1,-1,1,-0.5,-1,-1,-1,0,1,-1,-1,-1,-1,1,1,-1,-1,-1,1,-1,-1,1,-1,-1,1,1,1,1,-0.280533,0.731148,-0.687705,-1,-1,-1
-1,1,-0.714286,-1,-1,-1,1,-0.5,-1,-1,-1,0,1,-1,1,-1,-1,-1,1,-1,-1,-1,1,-1,-1,1,-1,-1,1,1,1,-1,-0.706667,-0.200131,-1,-1,-1,-1
-1,1,-0.714286,-1,0.411765,1,-1,0.5,-1,1,-1,1,1,-1,-1,-1,-1,-1,1,-1,-1,-1,1,-1,-1,1,-1,-1,1,1,1,-1,-0.12,0.488525,-1,-1,1,-1
-1,1,0.714286,-1,-1,-1,1,-0.5,-1,-1,-1,-1,-1,-1,-1,-1,-1,-1,1,-1,-1,-1,1,-1,-1,1,-1,-1,1,1,1,-1,-0.760533,-0.200131,-1,-1,-1,-1
-1,1,-0.714286,-1,-1,-1,1,-0.5,-1,-1,-1,0,1,-1,-1,-1,-1,-1,1,-1,-1,1,1,-1,-1,1,-1,-1,1,1,1,-1,-0.760533,-0.2,-1,-1,-1,-1
-1,1,0.142857,-1,-1,-1,1,0,-1,-1,-1,-1,1,-1,-1,-1,-1,1,1,-1,-1,-1,1,-1,-1,1,-1,-1,1,1,1,1,-0.706667,0.731148,-0.687705,-1,-1,-1
-1,1,0.142857,-1,-1,-1,1,-0.5,-1,-1,-1,0,1,-1,-1,-1,-1,-1,1,-1,-1,-1,1,-1,-1,1,-1,-1,1,1,1,-1,-0.6528,0.266885,-1,-1,-1,-1
-1,1,-0.714286,-1,-1,-1,1,-0.5,-1,-1,-1,1,1,-1,-1,-1,0,1,1,-1,-1,-1,1,-1,-1,1,-1,-1,1,1,1,1,-0.76,-0.2,-0.687705,-1,-1,-1
1,1,-0.714286,-1,-1,-1,1,1,-1,1,-1,0,1,-1,-1,-1,-1,-1,1,-1,-1,-1,1,-1,-1,1,-1,-1,1,1,1,-1,-0.706667,-0.901639,-1,-1,-1,-1
-1,1,0.142857,-1,-1,-1,1,-0.5,-1,-1,-1,0,1,-1,-1,-1,-1,-1,1,-1,-1,1,1,-1,-1,1,-1,-1,1,1,1,1,-0.76,0.731148,-0.687705,-1,-1,-1
1,1,-0.714286,-1,0.176471,1,-1,0.5,-1,-1,-1,0,1,-1,1,-1,-1,-1,1,-1,-1,-1,1,-1,-1,1,-1,-1,1,1,1,1,-0.8128,0.639344,-0.687705,-1,-1,-1
-1,1,-0.714286,-1,0.411765,1,-1,0.5,-1,-1,-1,1,1,-1,-1,-1,-1,-1,1,-1,-1,-1,1,-1,-1,1,-1,-1,1,1,1,-1,-0.7072,-0.201311,-1,-1,-1,-1
-1,1,0.142857,-0.828571,-1,1,-1,0.5,-1,-1,-1,-1,1,-1,1,-1,-1,-1,1,-1,-1,-1,1,-1,-1,1,-1,-1,1,1,1,1,-0.6,-0.2,1,-1,-1,-1
1,1,-0.714286,-1,0.176471,1,-1,0.5,-1,-1,-1,0,1,-1,1,-1,-1,-1,1,-1,-1,1,1,-1,-1,1,-1,-1,1,1,1,-1,-0.813333,-0.97377,-1,-1,-1,-1
-1,1,-0.428571,0.285714,-1,-1,-1,0.5,-1,-1,-1,-1,1,-1,-1,-1,-1,-1,1,-1,-1,-1,1,-1,-1,1,-1,1,1,1,1,-1,-0.813333,0.180328,-1,-1,-1,-1
-1,1,0.142857,-0.828571,-1,1,-1,0.5,-1,-1,-1,-1,1,-1,-1,-1,-1,-1,1,-1,-1,-1,1,-1,-1,1,-1,-1,1,1,1,1,-0.6,-0.2,-0.687705,-1,-1,-1
0,1,-1,-1,-1,-1,0,-1,-1,-1,-1,-1,1,-1,-1,-1,-1,-1,1,-1,-1,-1,1,-1,1,1,-1,-1,1,1,1,-1,-0.866667,-0.672131,-1,-1,-1,-1
0,1,-0.714286,-1,-1,-1,-1,0,-1,1,-1,-1,1,-1,-1,-1,-1,-1,1,1,-1,-1,1,-1,-1,1,-1,-1,1,1,1,-1,-0.813333,-0.934426,-1,-1,-1,-1
-1,1,1,-1,-1,-1,-1,0.5,-0.114286,-1,-1,1,1,-1,1,-1,-1,-1,1,-1,-1,-1,1,-1,-1,1,-1,-1,1,1,1,1,0.2,0.672,-0.687705,-1,-1,-1
-1,1,-0.714286,-1,0.411765,1,-1,0.5,-1,-1,-1,1,1,-1,-1,-1,0,1,1,-1,-1,1,1,-1,-1,1,-1,-1,1,1,1,1,-0.706133,-0.665443,-0.889344,-1,-1,-1
-1,1,0.142857,-1,-1,-1,1,-0.5,-1,-1,-1,-1,1,-1,-1,-1,-1,-1,1,-1,-1,-1,1,-1,-1,1,-1,-1,1,1,1,1,-0.28,0.967213,0.709016,-1,-1,-1
-1,1,0.142857,-1,-1,-1,1,-0.5,-1,-1,-1,-1,1,-1,-1,-1,0,-1,1,-1,-1,-1,1,-1,-1,1,-1,-1,1,1,1,1,-0.706667,-0.2,1,-1,-1,-1
-1,1,-0.714286,-1,-1,-1,1,0,-1,1,-1,0,1,-1,-1,-1,-1,-1,1,-1,-1,-1,1,-1,-1,1,-1,-1,1,1,1,-1,-0.813333,-0.97377,-1,-1,-1,-1
-1,1,-0.714286,-1,-1,-1,1,-0.5,-1,-1,-1,1,1,-1,-1,-1,-1,-1,1,-1,-1,-1,1,-1,-1,1,-1,1,1,1,1,-1,-0.76,0.731148,-1,-1,-1,-1
0,1,-1,-1,-1,-1,0,-1,-1,-1,-1,-1,1,-1,-1,-1,-1,-1,1,1,-1,-1,1,-1,-1,1,-1,-1,1,1,1,-1,-0.28,-0.2,-1,-1,-1,-1
-1,1,-0.714286,-1,-1,-1,1,-0.5,-1,-1,-1,0.5,1,-1,-1,-1,-1,-1,1,-1,-1,-1,1,-1,-1,1,-1,-1,1,1,1,1,-0.76,0.6,1,-1,-1,-1
-1,1,-0.714286,-1,1,1,-1,0.5,-1,-1,-1,1,1,-1,-1,-1,-1,-1,1,-1,-1,-1,1,-1,-1,1,-1,-1,1,1,1,1,-0.973333,0.6,-0.687705,-1,-1,-1
-1,1,-0.714286,-1,-1,-1,1,-0.5,-1,-1,-1,1,1,-1,-1,-1,-1,-1,1,-1,-1,-1,1,-1,-1,1,-1,1,1,1,1,-1,0.573333,-0.2,-1,-1,-1,-1
-1,1,-0.714286,-1,-1,-1,1,0,-1,1,-1,0,1,-1,-1,-1,-1,-1,1,-1,-1,-1,1,-1,-1,1,-1,-1,1,1,1,1,-0.8128,-0.2,-0.687705,-1,-1,-1
-1,1,0.142857,-1,-1,-1,1,-0.5,-1,-1,-1,0,1,-1,-1,-1,-1,-1,1,-1,-1,1,1,-1,-1,1,-1,-1,1,1,1,-1,-0.962133,-0.2,-1,-1,-1,-1
-1,1,-0.714286,-1,-1,-1,1,0,-1,1,-1,0,1,-1,-1,-1,-1,-1,1,-1,-1,1,1,-1,-1,1,-1,-1,1,1,1,-1,-0.8128,0.6,-1,-1,-1,-1
-1,1,0.142857,-1,-1,-1,1,-0.5,-1,-1,-1,0,1,-1,1,-1,-1,-1,1,-1,-1,-1,1,-1,-1,1,-1,-1,1,1,1,-1,-0.760533,-0.2,-1,-1,-1,-1
-1,1,0.142857,-1,-1,-1,1,-0.5,-1,-1,-1,0,1,-1,1,-1,-1,-1,1,-1,-1,-1,1,-1,-1,1,-1,-1,1,1,1,1,0.573333,-0.803279,1,-1,-1,-1
-1,1,-0.714286,-1,-1,-1,1,-0.5,-1,-1,-1,0.5,1,-1,-1,-1,-1,-1,1,-1,-1,-1,1,-1,-1,1,-1,-1,1,1,1,1,-0.76,0.6,-0.687705,-1,-1,-1
0,1,-1,-1,-1,-1,0,-1,-1,-1,-1,-1,1,-1,-1,-1,-1,-1,1,1,-1,-1,1,-1,-1,1,-1,-1,1,1,1,-1,-0.813333,-0.672131,-1,-1,-1,-1
-1,1,-0.714286,-1,1,1,-1,0.5,-1,-1,-1,1,1,-1,-1,-1,-1,-1,1,-1,-1,-1,1,-1,-1,1,-1,-1,1,1,1,-1,0.573333,0.6,-1,1,-1,-1
-1,1,0.142857,-1,-1,-1,1,-0.5,-1,-1,-1,-1,1,-1,1,-1,-1,-1,1,-1,-1,-1,1,-1,-1,1,-1,-1,1,1,1,1,-0.706667,0.731148,-0.687705,-1,-1,-1
-1,1,0.428571,-1,-1,-1,-1,0.5,0.142857,-1,-1,-1,1,-1,-1,-1,-1,-1,1,-1,-1,-1,1,-1,-1,1,-1,-1,1,1,1,-1,-0.706667,-0.200131,-1,-1,-1,-1
-1,1,-0.714286,-1,-1,-1,1,0,-1,1,-1,0.5,1,-1,-1,-1,0,1,1,-1,-1,1,1,-1,-1,1,-1,-1,1,1,1,1,-0.493333,-0.2,0.709016,-1,-1,-1
-1,1,-0.714286,-1,-1,-1,1,-0.5,-1,-1,-1,0.5,1,-1,1,-1,0,1,1,-1,-1,-1,1,-1,-1,1,-1,-1,1,1,1,1,-0.760533,0.731148,-0.688115,-1,-1,-1
-1,1,0.142857,-1,-1,-1,1,0,-1,-1,-1,-1,1,-1,-1,-1,0,1,1,-1,-1,-1,1,-1,-1,1,-1,-1,1,1,1,1,-0.706667,0.731148,1,-1,-1,-1
-1,1,0.142857,-1,-1,-1,1,-0.5,-1,-1,-1,0,1,-1,1,-1,-1,-1,1,-1,-1,-1,1,-1,-1,1,-1,-1,1,1,1,1,0.573333,-0.803279,-0.687705,-1,-1,-1
-1,1,-0.142857,-1,-1,-1,-1,0.5,0.714286,-1,-1,1,1,-1,-1,-1,-1,-1,1,-1,-1,-1,1,-1,-1,1,-1,-1,1,1,1,1,-0.440533,0.377049,-0.5,-1,-1,-1
-1,1,0.142857,-1,-1,-1,1,-0.5,-1,-1,-1,0,1,-1,1,-1,-1,1,1,-1,-1,-1,1,-1,-1,1,-1,-1,1,1,1,1,0.573333,0.704918,1,-1,-1,-1
-1,1,0.142857,-1,-1,-1,1,0,-1,-1,-1,0,1,-1,-1,-1,-1,-1,1,-1,-1,-1,1,-1,-1,1,-1,-1,1,1,1,1,-0.813333,-0.508197,1,-1,-1,-1
-1,1,-0.714286,-1,-1,-1,1,-0.5,-1,-1,-1,1,1,-1,1,-1,0,1,1,-1,-1,-1,1,-1,-1,1,-1,-1,1,1,1,1,-0.76,-0.2,-0.687705,-1,-1,-1
-1,1,0.142857,-0.828571,-1,1,-1,0.5,-1,-1,-1,-1,1,-1,1,-1,-1,-1,1,-1,-1,-1,1,-1,-1,1,-1,-1,1,1,1,-1,-0.493333,0.6,-1,-1,-1,-1
-1,1,0.428571,-1,-1,-1,-1,0.5,0.142857,-1,-1,-1,1,-1,-1,-1,-1,-1,1,-1,-1,-1,1,-1,-1,1,-1,-1,1,1,1,-1,-0.6,-0.901639,-1,-1,-1,-1
-1,1,0.142857,-0.828571,-1,1,-1,0.5,-1,-1,-1,-1,1,-1,1,-1,-1,-1,1,-1,-1,-1,1,-1,-1,1,-1,-1,1,1,1,1,-0.6,0.731148,-0.687705,-1,-1,-1
-1,1,-0.714286,-1,0.647059,1,-1,0.5,-1,-1,-1,1,1,-1,-1,-1,-1,-1,1,-1,-1,-1,1,-1,-1,1,-1,-1,1,1,1,-1,0.2,-0.2,-1,-1,1,-1
-1,1,0.142857,-1,-1,-1,1,-0.5,-1,-1,-1,-1,1,-1,-1,-1,-1,-1,1,-1,-1,-1,1,-1,-1,1,-1,-1,1,1,1,1,-0.706667,-0.2,1,-1,-1,-1
-1,1,0.142857,-1,-1,-1,1,0,-1,-1,-1,0,1,-1,-1,-1,-1,-1,1,-1,-1,-1,1,-1,-1,1,-1,-1,1,1,1,1,-0.813333,-0.318033,-0.687705,-1,-1,-1
-1,1,-1,-1,0.647059,1,-1,0.5,-1,-1,-1,1,1,-1,-1,-1,-1,-1,1,-1,-1,-1,1,-1,-1,1,-1,1,1,1,1,-1,-0.706667,-0.934426,-1,-1,-1,-1
-1,1,-0.714286,-1,-1,-1,1,-0.5,-1,-1,-1,0,1,-1,-1,-1,-1,-1,1,-1,-1,-1,1,-1,-1,1,-1,-1,1,1,1,1,-0.973333,0.731148,1,1,-1,-1
-1,1,-0.714286,-1,-1,-1,1,-0.5,-1,-1,-1,1,1,-1,-1,1,-1,-1,1,-1,-1,-1,1,-1,-1,1,-1,-1,1,1,1,-1,-0.76,-0.2,-1,-1,-1,-1
-1,1,-1,-1,-1,-1,-1,0.5,0.428571,-1,1,-1,1,-1,-1,-1,-1,-1,1,-1,-1,-1,1,-1,-1,1,-1,-1,1,1,1,1,-0.066667,-0.2,-0.687705,-1,-1,-1
0,1,-1,-1,-1,-1,0,-1,-1,-1,-1,-1,1,-1,-1,-1,-1,-1,1,-1,-1,-1,1,-1,1,1,-1,-1,1,1,1,1,-0.866667,-0.200131,0.229508,-1,-1,-1
-1,1,-1,-1,-1,-1,1,-1,-1,-1,-1,1,1,-1,-1,-1,-1,-1,1,-1,-1,-1,1,-1,-1,1,-1,-1,1,1,1,-1,-0.76,-0.2,-1,-1,-1,-1
-1,1,0.142857,-1,-1,-1,1,-0.5,-1,-1,-1,0,1,-1,-1,-1,-1,-1,1,-1,-1,-1,1,-1,-1,1,-1,1,1,1,1,1,-0.6,-0.2,1,-1,-1,-1
-1,1,0.142857,-1,-1,-1,1,-0.5,-1,-1,-1,0,1,-1,1,-1,-1,-1,1,-1,-1,-1,1,-1,-1,1,-1,-1,1,1,1,-1,-0.279467,0.731148,-1,-1,-1,-1
-1,1,0.142857,-1,-1,-1,1,-0.5,-1,-1,-1,0,1,-1,-1,-1,-1,-1,1,-1,-1,1,1,-1,-1,1,-1,-1,1,1,1,1,-0.9728,-0.2,-0.687705,-1,-1,-1
-1,1,0.142857,-1,-1,-1,1,-0.5,-1,-1,-1,-1,1,-1,-1,-1,-1,-1,1,-1,-1,-1,1,-1,-1,1,-1,-1,1,1,1,1,-0.493333,-0.200131,-0.74918,-1,-1,-1
-1,1,0.142857,-1,-1,-1,1,-0.5,-1,-1,-1,-1,1,-1,-1,-1,-1,1,1,-1,-1,-1,1,-1,-1,1,-1,-1,1,1,1,1,-0.706667,0.967213,0.709016,-1,-1,-1
-1,1,-0.714286,-1,0.058824,-1,1,0.5,-1,-1,-1,-0.5,1,-1,-1,-1,0,-1,1,-1,-1,-1,1,-1,-1,1,-1,-1,1,1,1,1,-0.76,0.704918,-0.687705,-1,-1,-1
-1,1,0.142857,-1,-1,-1,1,-0.5,-1,-1,-1,0,1,-1,-1,-1,-1,-1,1,-1,-1,-1,1,-1,-1,1,-1,1,1,1,1,-1,-0.4928,-0.934426,-1,-1,-1,-1
-1,1,-0.714286,-1,-1,-1,1,0,-1,1,-1,0.5,1,-1,-1,-1,-1,-1,1,-1,-1,-1,1,-1,-1,1,-1,-1,1,1,1,1,-0.733333,-0.2,1,-1,-1,-1
-1,1,0.142857,-1,-1,-1,1,-0.5,-1,-1,-1,0,1,-1,-1,-1,-1,-1,1,-1,-1,-1,1,-1,-1,1,-1,-1,1,1,1,1,-0.76,-0.508328,-0.687705,-1,-1,-1
-1,1,0.142857,-1,-1,-1,-1,0.5,0.428571,-1,-1,-1,1,-1,-1,-1,-1,-1,1,-1,-1,-1,1,-1,-1,1,-1,-1,1,1,1,-1,-0.28,-0.200131,-1,-1,-1,-1
-1,1,0.142857,-1,-1,-1,1,-0.5,-1,-1,-1,-1,1,-1,-1,-1,0,1,1,-1,-1,-1,1,-1,-1,1,-1,-1,1,1,1,1,-0.706667,-0.2,1,-1,-1,-1
-1,1,-0.428571,0.857143,-1,-1,-1,0.5,-1,-1,-1,-1,1,-1,-1,-1,-1,-1,1,-1,-1,-1,1,-1,-1,1,-1,-1,1,1,1,-1,-0.552,0.180328,-1,-1,-1,-1
-1,1,0.142857,-1,-1,-1,1,-0.5,-1,-1,-1,0,1,-1,-1,-1,0,-1,1,-1,-1,-1,1,-1,-1,1,-1,-1,1,1,1,-1,-0.760533,0.731148,-1,-1,-1,-1
-1,1,0.142857,-1,-1,-1,1,-0.5,-1,-1,-1,0,1,-1,1,-1,-1,-1,1,-1,-1,-1,1,-1,-1,1,-1,-1,1,1,1,1,-0.76,-0.803279,-0.687705,-1,-1,-1
-1,1,-0.428571,0.571429,-1,-1,-1,0.5,-1,-1,-1,-1,1,-1,-1,1,1,-1,1,-1,-1,-1,1,-1,-1,1,-1,1,1,1,1,-1,0.04,0.180328,-1,-1,-1,-1
-1,1,0.714286,-1,-1,-1,1,-0.5,-1,-1,-1,-1,-1,-1,-1,-1,-1,-1,1,-1,-1,-1,1,-1,-1,1,-1,-1,1,1,1,1,-0.76,-0.2,1,-1,-1,-1
-1,1,-0.714286,-0.885714,-1,1,-1,0.5,-1,-1,-1,1,1,-1,-1,-1,-1,-1,1,-1,-1,-1,1,-1,-1,1,-1,-1,1,1,1,-1,-0.6,-0.967213,-1,-1,-1,-1
-1,1,0.142857,-1,-1,-1,1,-0.5,-1,-1,-1,0,1,-1,-1,-1,0,-1,1,-1,-1,-1,1,-1,-1,1,-1,-1,1,1,1,-1,-0.760533,-0.2,-1,-1,-1,-1
-1,1,-0.714286,-1,-1,-1,1,-0.5,-1,-1,-1,0,1,-1,-1,-1,-1,-1,1,-1,-1,1,1,-1,-1,1,-1,-1,1,1,1,-1,-0.76,-0.2,-1,-1,-1,1
-1,1,0.142857,-1,-1,-1,1,-0.5,-1,-1,-1,-1,1,-1,-1,-1,-1,1,1,-1,-1,-1,1,-1,-1,1,-1,-1,1,1,1,1,-0.280533,0.731148,1,-1,-1,-1
-1,1,0.714286,-1,-1,-1,1,-0.5,-1,-1,-1,-1,-1,-1,-1,-1,-1,-1,1,-1,-1,-1,1,-1,-1,1,-1,-1,1,1,1,1,-0.76,0.731148,-0.687705,-1,-1,-1
-1,1,0.142857,-1,-1,-1,1,-0.5,-1,-1,-1,0,1,-1,-1,-1,-1,-1,1,-1,-1,-1,1,-1,-1,1,-1,-1,1,1,1,1,0.573333,0.731148,1,-1,-1,-1
-1,1,0.142857,-1,-1,-1,1,-0.5,-1,-1,-1,0,1,-1,-1,-1,-1,-1,1,-1,-1,-1,1,-1,-1,1,-1,-1,1,1,1,1,-0.760533,0.731148,-0.687705,0,-1,-1
-1,1,-0.714286,-1,0.176471,1,-1,0.5,-1,-1,-1,1,1,-1,-1,-1,-1,-1,1,-1,-1,-1,1,-1,-1,1,-1,-1,1,1,1,-1,-0.8128,-0.2,-1,-1,-1,-1
0,1,-0.714286,-1,-1,-1,-1,0,-1,1,-1,-1,1,-1,-1,-1,-1,-1,1,1,-1,-1,1,-1,-1,1,-1,-1,1,1,1,1,-0.813333,-0.2,-0.688115,-1,-1,-1
-1,1,0.142857,-1,-1,-1,1,-0.5,-1,-1,-1,0,1,-1,1,-1,-1,-1,1,-1,-1,-1,1,-1,-1,1,-1,-1,1,1,1,-1,0.573333,-0.2,-1,-1,-1,-1
-1,1,-0.428571,0.857143,-1,-1,-1,0.5,-1,-1,-1,-1,1,-1,-1,1,1,-1,1,-1,-1,-1,1,-1,-1,1,-1,-1,1,1,1,-1,0.093333,0.180328,-1,-1,1,-1
-1,1,-0.714286,-1,-1,-1,1,-0.5,-1,-1,-1,0.5,1,-1,1,-1,-1,-1,1,-1,-1,-1,1,-1,-1,1,-1,-1,1,1,1,1,-0.813333,-0.606426,1,-1,-1,-1
-1,1,-0.714286,-1,-1,-1,1,-0.5,-1,-1,-1,0.5,1,-1,1,-1,0,1,1,-1,-1,-1,1,-1,-1,1,-1,-1,1,1,1,1,-0.760533,-0.606426,1,-1,-1,-1
-1,1,0.142857,-1,-1,-1,1,-0.5,-1,-1,-1,0,1,-1,-1,-1,1,-1,1,-1,-1,-1,1,-1,-1,1,-1,-1,1,1,1,-1,1,-0.2,-1,-1,1,-1
-1,1,0.142857,-1,-1,-1,1,-0.5,-1,-1,-1,0,1,-1,1,-1,0,1,1,-1,-1,-1,1,-1,-1,1,-1,-1,1,1,1,1,-0.280533,-0.2,-0.687705,-1,-1,-1
1,1,-0.714286,-1,1,1,-1,0.5,-1,-1,-1,0,1,-1,-1,1,-1,-1,1,-1,-1,-1,1,-1,-1,1,-1,-1,1,1,1,1,-0.92,0.6,-0.687705,-1,-1,-1
-1,1,-0.142857,-1,-1,-1,-1,0.5,0,-1,-1,1,1,-1,-1,-1,-1,-1,1,-1,-1,-1,1,-1,-1,1,-1,-1,1,1,1,-1,-0.279467,-0.200131,-1,-1,-1,-1
-1,1,-0.714286,-1,0.058824,-1,1,0.5,-1,-1,-1,-0.5,1,-1,-1,-1,0,1,1,-1,-1,-1,1,-1,-1,1,-1,-1,1,1,1,1,-0.92,0.6,-0.877049,-1,-1,-1
1,1,0.142857,-1,-1,-1,1,0,-1,-1,-1,0,1,-1,-1,-1,-1,-1,1,-1,-1,-1,1,-1,-1,1,-1,-1,1,1,1,-1,-0.28,0.6,-1,-1,-1,1
-1,1,0.142857,-1,-1,-1,1,-0.5,-1,-1,-1,0,1,-1,-1,-1,0,1,1,-1,-1,-1,1,-1,-1,1,-1,-1,1,1,1,1,-0.76,0.704918,-0.687705,-1,-1,-1
-1,1,-0.714286,-1,1,1,-1,0.5,-1,-1,-1,1,1,-1,-1,-1,-1,-1,1,-1,-1,-1,1,-1,-1,1,-1,-1,1,1,1,1,-0.973333,0.6,1,-1,-1,-1
0,1,-0.714286,-1,-1,-1,-1,0,-1,1,-1,-1,1,-1,-1,-1,-1,-1,1,1,-1,-1,1,-1,-1,1,-1,-1,1,1,1,1,-0.28,0.6,-0.688115,-1,-1,-1
-1,1,-0.714286,-1,-1,-1,1,-0.5,-1,-1,-1,1,1,-1,1,-1,0,-1,1,-1,-1,-1,1,-1,-1,1,-1,-1,1,1,1,-1,-0.92,-0.2,-1,-1,-1,-1
-1,1,-0.714286,-1,0.058824,-1,1,0.5,-1,-1,-1,-0.5,1,-1,-1,-1,0,-1,1,-1,-1,-1,1,-1,-1,1,-1,-1,1,1,1,1,-0.973333,-0.2,-0.687705,-1,-1,-1
-1,1,0.142857,-0.828571,-1,1,-1,0.5,-1,-1,-1,-1,1,-1,-1,-1,-1,-1,1,-1,-1,-1,1,-1,-1,1,-1,-1,1,1,1,-1,-0.6,-0.2,-1,-1,-1,-1
-1,1,-0.714286,-1,-1,-1,1,-0.5,-1,-1,-1,1,1,-1,-1,-1,0,-1,1,-1,-1,-1,1,-1,-1,1,-1,-1,1,1,1,1,-0.76,-0.2,1,-1,-1,-1
-1,1,0.428571,-1,-1,-1,-1,0.5,0.142857,-1,-1,-1,1,-1,-1,-1,-1,-1,1,-1,-1,-1,1,-1,-1,1,-1,-1,1,1,1,-1,-0.706667,-0.901639,-1,-1,-1,-1
-1,1,-0.714286,-1,-1,-1,1,0,-1,1,-1,0,1,-1,-1,1,-1,-1,1,-1,-1,-1,1,-1,-1,1,-1,-1,1,1,1,-1,0.2,0.731148,-1,-1,-1,-1
1,1,-0.714286,-1,0.176471,1,-1,0.5,-1,-1,-1,0,1,-1,1,-1,-1,-1,1,-1,-1,-1,1,-1,-1,1,-1,-1,1,1,1,1,-0.28,0.639344,1,-1,-1,-1
-1,1,-0.714286,-1,-1,-1,1,-0.5,-1,-1,-1,0,1,-1,-1,-1,-1,-1,1,-1,-1,-1,1,-1,-1,1,-1,-1,1,1,1,-1,-0.76,-0.2,-1,-1,-1,-1
-1,1,-1,-1,0.176471,1,-1,0.5,-1,-1,-1,1,1,-1,-1,1,-1,-1,1,-1,-1,-1,1,-1,-1,1,-1,-1,1,1,1,-1,-0.8128,0.731148,-1,-1,-1,-1
-1,1,-0.714286,-1,-1,-1,1,-0.5,-1,-1,-1,0,1,-1,-1,-1,-1,-1,1,-1,-1,-1,1,-1,-1,1,-1,-1,1,1,1,1,-0.76,0.731279,-0.687705,-1,-1,-1
-1,1,0.142857,-1,-1,-1,1,-0.5,-1,-1,-1,0,1,-1,-1,-1,1,-1,1,-1,-1,-1,1,-1,-1,1,-1,-1,1,1,1,-1,0.573867,-0.494951,-1,-1,-1,-1
-1,1,0.142857,-1,-1,-1,1,-0.5,-1,-1,-1,0,1,-1,1,-1,-1,-1,1,-1,-1,-1,1,-1,-1,1,-1,-1,1,1,1,1,-0.28,-0.344262,1,-1,-1,-1
-1,1,-1,-1,-1,-1,0,-0.5,-1,-1,-1,1,1,-1,-1,-1,-1,-1,1,-1,-1,-1,1,-1,-1,1,-1,-1,1,1,1,1,-0.76,0.731148,1,-1,-1,-1
-1,1,-0.714286,-1,-1,-1,1,-0.5,-1,-1,-1,1,1,-1,-1,-1,-1,-1,1,-1,-1,-1,1,-1,-1,1,-1,-1,1,1,1,-1,1,-0.344262,-1,-1,-1,-1
-1,1,-0.714286,-1,-1,-1,1,-0.5,-1,-1,-1,1,1,-1,-1,-1,-1,-1,1,-1,-1,1,1,-1,-1,1,-1,-1,1,1,1,-1,-0.92,-0.200131,-1,-1,-1,-1
-1,1,0.142857,-1,-1,-1,1,0,-1,-1,-1,-1,1,-1,-1,-1,-1,-1,1,-1,-1,-1,1,-1,-1,1,-1,-1,1,1,1,1,-0.28,-0.2,0.709016,-1,-1,-1
0,1,-1,-1,-1,-1,0,-1,-1,-1,-1,-1,1,-1,-1,-1,-1,-1,1,-1,-1,-1,1,-1,1,1,-1,-1,1,1,1,1,-0.28,-0.2,-0.687705,-1,-1,-1
-1,1,-0.714286,-1,0.058824,-1,1,0.5,-1,-1,-1,-0.5,1,-1,-1,-1,0,1,1,-1,-1,-1,1,-1,-1,1,-1,-1,1,1,1,1,-0.28,0.704918,1,-1,-1,-1
-1,1,0.142857,-1,-1,-1,1,-0.5,-1,-1,-1,0,1,-1,-1,-1,-1,-1,1,-1,-1,-1,1,-1,-1,1,-1,1,1,1,1,-1,0.573333,-0.934426,-1,-1,-1,-1
-1,1,-0.714286,-1,0.882353,1,-1,0.5,-1,-1,-1,1,1,-1,-1,-1,-1,-1,1,-1,-1,1,1,-1,-1,1,-1,-1,1,1,1,-1,-0.866667,-0.961967,-1,-1,-1,-1
-1,1,-1,-1,-1,-1,1,-1,-1,-1,-1,1,1,-1,-1,-1,0,1,1,-1,-1,-1,1,-1,-1,1,-1,-1,1,1,1,1,-0.973333,-0.219672,-0.687705,-1,-1,-1
1,1,-0.714286,-1,1,1,-1,0.5,-1,-1,-1,0,1,-1,-1,1,-1,-1,1,-1,-1,1,1,-1,-1,1,-1,-1,1,1,1,1,-0.493333,0.57377,-0.74959,-1,-1,-1
-1,1,-0.714286,-1,0.411765,1,-1,0.5,-1,-1,-1,1,1,-1,-1,-1,1,-1,1,-1,-1,-1,1,-1,-1,1,-1,-1,1,1,1,-1,0.360533,-0.534426,-1,-1,-1,-1
-1,1,-0.714286,-1,1,1,-1,0.5,-1,-1,-1,1,1,-1,-1,-1,1,-1,1,-1,-1,-1,1,-1,-1,1,-1,-1,1,1,1,-1,1,-0.2,-1,-1,0.666667,-1
-1,1,-0.714286,-1,-1,-1,1,-0.5,-1,-1,-1,0.5,1,-1,1,-1,-1,-1,1,-1,-1,-1,1,-1,-1,1,-1,-1,1,1,1,1,-0.760533,-0.200131,-1,-1,-1,-1
-1,1,-0.428571,0.857143,-1,-1,-1,0.5,-1,-1,-1,-1,1,-1,-1,-1,1,-1,1,-1,-1,-1,1,-1,-1,1,-1,-1,1,1,1,-1,-0.333333,0.180328,-1,-1,-1,-1
-1,1,0.142857,-1,-1,-1,1,-0.5,-1,-1,-1,0,1,-1,-1,1,1,-1,1,-1,-1,-1,1,-1,-1,1,-1,-1,1,1,1,-1,1,0.311475,-1,-1,1,-1
1,1,0.142857,-1,-1,-1,-1,0.5,-0.142857,-1,-1,-1,1,-1,-1,-1,-1,-1,1,-1,-1,-1,1,1,-1,1,-1,-1,1,1,1,-1,-0.706667,0.2,-1,-1,-1,-1
-1,1,-0.714286,-1,-1,-1,1,-0.5,-1,-1,-1,0,1,-1,-1,1,-1,-1,1,-1,-1,-1,1,-1,-1,1,-1,-1,1,1,1,-1,-0.76,-0.2,-1,-1,-1,-1
-1,1,-0.714286,-1,1,1,-1,0.5,-1,-1,-1,1,1,-1,-1,-1,1,-1,1,-1,-1,-1,1,-1,-1,1,-1,1,1,1,1,-1,0.573867,-0.2,-1,-1,1,-1
-1,1,-0.714286,-1,-1,-1,1,0,-1,1,-1,0.5,1,-1,-1,-1,-1,-1,1,-1,-1,-1,1,-1,-1,1,-1,-1,1,1,1,1,-0.6,0.731148,-0.687705,-1,-1,-1
-1,1,0.142857,-1,-1,-1,1,-0.5,-1,-1,-1,0,1,-1,-1,-1,0,-1,1,-1,-1,-1,1,-1,-1,1,-1,-1,1,1,1,-1,-0.92,0.731148,-1,-1,-1,-1
0,1,-0.714286,-1,-1,-1,-1,0,-1,1,-1,-1,1,-1,-1,-1,-1,-1,1,-1,-1,-1,1,-1,1,1,-1,-1,1,1,1,1,-0.28,-0.2,-0.687705,-1,-1,-1
-1,1,-0.714286,-1,-1,-1,1,0,-1,1,-1,0,1,-1,-1,-1,-1,-1,1,-1,-1,-1,1,-1,-1,1,-1,1,1,1,1,-1,-0.76,-0.2,-1,-1,-1,-1
1,1,-0.714286,-1,1,1,-1,0.5,-1,-1,-1,0,1,-1,-1,1,-1,-1,1,-1,-1,-1,1,-1,-1,1,-1,-1,1,1,1,1,-0.92,0.6,-1,-1,-1,-1
-1,1,-0.428571,0.857143,-1,-1,-1,0.5,-1,-1,-1,-1,1,-1,-1,1,1,-1,1,-1,-1,-1,1,-1,-1,1,-1,-1,1,1,1,-1,0.573333,0.180328,-1,-1,0.666667,-1
0,1,-1,-1,-1,-1,0,-1,-1,-1,-1,-1,1,-1,-1,-1,-1,-1,1,-1,-1,-1,1,-1,1,1,-1,-1,1,1,1,1,-0.866667,-0.200131,-0.74918,-1,-1,-1
-1,1,0.142857,-1,-1,-1,1,-0.5,-1,-1,-1,-1,1,-1,-1,-1,-1,1,1,-1,-1,-1,1,-1,-1,1,-1,-1,1,1,1,1,-0.280533,0.967213,-0.74918,-1,-1,-1
-1,1,0.142857,-1,-1,-1,1,-0.5,-1,-1,-1,-1,1,-1,-1,-1,-1,1,1,-1,-1,-1,1,-1,-1,1,-1,-1,1,1,1,1,-0.706667,0.731148,1,-1,-1,-1
-1,1,-0.714286,-1,-1,-1,1,0,-1,1,-1,1,1,-1,-1,-1,-1,-1,1,-1,-1,-1,1,-1,-1,1,-1,-1,1,1,1,-1,0.2,0.731148,-1,-1,-1,-1
-1,1,-0.714286,-1,-1,-1,1,0,-1,1,-1,0,1,-1,-1,-1,-1,-1,1,-1,-1,1,1,-1,-1,1,-1,-1,1,1,1,-1,-0.706667,0.180459,-1,-1,-1,-1
-1,1,0.142857,-1,-1,-1,1,-0.5,-1,-1,-1,0,1,-1,-1,-1,1,-1,1,-1,-1,-1,1,-1,-1,1,-1,-1,1,1,1,-1,1,-0.494951,-1,-1,-1,-1
-1,1,-1,-1,-1,-1,1,-1,-1,-1,-1,1,1,-1,-1,-1,0,1,1,-1,-1,-1,1,-1,-1,1,-1,-1,1,1,1,1,-0.760533,0.704918,-0.687705,-1,-1,-1
-1,1,-0.714286,-1,-1,-1,1,-0.5,-1,-1,-1,0.5,1,-1,1,-1,0,1,1,-1,-1,-1,1,-1,-1,1,-1,-1,1,1,1,1,-0.813333,-0.2,1,-1,-1,-1
-1,1,-0.714286,-1,-1,-1,1,0,-1,1,-1,0,1,-1,-1,-1,0,1,1,-1,-1,1,1,-1,-1,1,-1,-1,1,1,1,1,-0.76,-0.508197,-0.74918,-1,-1,-1
-1,1,-1,-1,-1,-1,1,-1,-1,-1,-1,1,1,-1,-1,-1,-1,-1,1,-1,-1,1,1,-1,-1,1,-1,-1,1,1,1,1,-0.92,-0.2,-0.687705,-1,-1,-1
-1,1,-0.714286,-1,-1,-1,1,-0.5,-1,-1,-1,0,1,-1,-1,-1,-1,-1,1,-1,-1,-1,1,-1,-1,1,-1,-1,1,1,1,-1,-0.973333,0.731148,-1,-1,-1,-1
-1,1,0.142857,-1,-1,-1,1,-0.5,-1,-1,-1,0,1,-1,-1,-1,-1,-1,1,-1,-1,-1,1,-1,-1,1,-1,-1,1,1,1,-1,0.573333,-0.2,-1,-1,-1,1
-1,1,-0.714286,-1,1,1,-1,0.5,-1,-1,-1,1,1,-1,-1,-1,-1,-1,1,-1,-1,-1,1,-1,-1,1,-1,-1,1,1,1,-1,-0.4928,0.6,-1,1,-1,-1
-1,1,-0.714286,-1,0.058824,-1,1,0.5,-1,-1,-1,-0.5,1,-1,-1,-1,-1,-1,1,-1,-1,-1,1,-1,-1,1,-1,-1,1,1,1,1,-0.76,0.731148,-0.687705,-1,-1,-1
-1,1,0.142857,-1,-1,-1,1,-0.5,-1,-1,-1,-1,1,-1,1,-1,-1,-1,1,-1,-1,-1,1,-1,-1,1,-1,-1,1,1,1,-1,-0.706667,-0.2,-1,-1,-1,-1
-1,1,-0.714286,-1,0.058824,-1,1,0.5,-1,-1,-1,-0.5,1,-1,-1,-1,-1,-1,1,-1,-1,-1,1,-1,-1,1,-1,-1,1,1,1,-1,-0.760533,-0.2,-1,0,-1,-1
-1,1,-0.142857,-1,-1,-1,-1,0.5,0,-1,-1,1,1,-1,-1,-1,-1,-1,1,-1,-1,-1,1,-1,-1,1,-1,-1,1,1,1,-1,-0.28,-0.200131,-1,-1,-1,-1
-1,1,-0.428571,0.857143,-1,-1,-1,0.5,-1,-1,-1,-1,1,-1,-1,-1,-1,-1,1,-1,-1,-1,1,-1,-1,1,-1,-1,1,1,1,-1,-0.552,-0.2,-1,-1,-1,-1
-1,1,-0.714286,-1,0.058824,-1,1,0.5,-1,-1,-1,-0.5,1,-1,-1,-1,0,-1,1,-1,-1,-1,1,-1,-1,1,-1,-1,1,1,1,1,-0.973333,-0.2,1,-1,-1,-1
-1,1,-0.714286,-1,-1,-1,1,0,-1,1,-1,0,1,-1,-1,-1,0,1,1,-1,-1,1,1,-1,-1,1,-1,-1,1,1,1,1,-0.493333,-0.200131,-0.74918,-1,-1,-1
-1,1,-0.428571,0.857143,-1,-1,-1,0.5,-1,-1,-1,-1,1,-1,-1,-1,-1,-1,1,-1,-1,-1,1,-1,-1,1,-1,1,1,1,1,-1,-0.813333,0.180328,-1,-1,-1,-1
-1,1,0.142857,-1,-1,-1,1,-0.5,-1,-1,-1,-1,1,-1,-1,-1,-1,-1,1,-1,-1,-1,1,-1,-1,1,-1,-1,1,1,1,1,-0.066667,0.967213,-0.74918,-1,-1,-1
-1,1,0.714286,-1,-1,-1,1,-0.5,-1,-1,-1,-1,0,-1,-1,-1,-1,-1,1,-1,-1,-1,1,-1,-1,1,-1,-1,1,1,1,-1,-0.706667,-0.97377,-1,-1,-1,-1
-1,1,-0.428571,0.285714,-1,-1,-1,0.5,-1,-1,-1,-1,1,-1,-1,-1,-1,-1,1,-1,-1,-1,1,-1,-1,1,-1,-1,1,1,1,-1,-0.813333,0.180328,-1,-1,-1,-1
-1,1,-0.714286,-1,-1,-1,1,-0.5,-1,-1,-1,0.5,1,-1,1,-1,0,1,1,-1,-1,-1,1,-1,-1,1,-1,-1,1,1,1,1,-0.600533,0.6,1,-1,-1,-1
-1,1,0.142857,-1,-1,-1,1,-0.5,-1,-1,-1,0,1,-1,-1,-1,-1,1,1,-1,-1,-1,1,-1,-1,1,-1,-1,1,1,1,1,-0.280533,0.731148,1,-1,-1,-1
-1,1,0.142857,-1,-1,-1,1,-0.5,-1,-1,-1,-1,1,-1,-1,-1,-1,1,1,-1,-1,-1,1,-1,-1,1,-1,-1,1,1,1,1,-0.066667,-0.2,-0.74918,-1,-1,-1
-1,1,0.142857,-0.828571,-1,1,-1,0.5,-1,-1,-1,-1,1,-1,-1,-1,-1,-1,1,-1,-1,-1,1,-1,-1,1,-1,-1,1,1,1,1,-0.813333,-0.2,-0.687705,-1,-1,-1
-1,1,-0.714286,-1,-1,-1,1,-0.5,-1,-1,-1,0.5,1,-1,1,-1,-1,1,1,-1,-1,-1,1,-1,-1,1,-1,-1,1,1,1,1,-0.813333,-0.200131,-0.687705,-1,-1,-1
-1,1,-0.142857,-1,-1,-1,-1,0.5,0,-1,-1,1,1,-1,-1,1,-1,-1,1,-1,-1,-1,1,-1,-1,1,-1,-1,1,1,1,-1,-0.653333,-0.2,-1,-1,-1,-1
-1,1,0.142857,-1,-1,-1,1,-0.5,-1,-1,-1,-1,1,-1,-1,1,-1,-1,1,-1,-1,-1,1,-1,-1,1,-1,-1,1,1,1,1,-0.280533,-0.2,1,-1,-1,-1
1,1,-0.714286,-1,0.176471,1,-1,0.5,-1,-1,-1,0,1,-1,-1,-1,-1,-1,1,-1,-1,-1,1,-1,-1,1,-1,-1,1,1,1,-1,-0.92,0.731148,-1,-1,-1,-1
-1,1,0.142857,-1,-1,-1,1,-0.5,-1,-1,-1,-1,1,-1,-1,-1,-1,-1,1,-1,-1,-1,1,-1,-1,1,-1,-1,1,1,1,1,-0.493333,-0.560656,-0.74918,-1,-1,-1
-1,1,0.428571,-1,-1,-1,-1,0.5,1,-1,-1,-1,1,-1,-1,-1,-1,-1,1,-1,-1,-1,1,-1,-1,1,-1,-1,1,1,1,-1,-0.6,-0.200131,-1,-1,-1,-1
-1,1,-0.142857,-1,-1,-1,-1,0.5,0.714286,-1,-1,1,1,-1,-1,-1,-1,-1,1,-1,-1,-1,1,-1,-1,1,-1,-1,1,1,1,1,-0.653333,0.377049,-0.5,-1,-1,-1
-1,1,-0.714286,-1,-1,-1,1,0,-1,1,-1,0,1,-1,-1,-1,-1,-1,1,-1,-1,-1,1,-1,-1,1,-1,-1,1,1,1,-1,-0.4928,-0.901639,-1,-1,-1,-1
-1,1,-0.142857,-1,-1,-1,-1,0.5,0.714286,-1,-1,1,1,-1,-1,-1,-1,-1,1,-1,-1,-1,1,-1,-1,1,-1,-1,1,1,1,-1,-0.44,0.429508,-1,-1,-1,-1
-1,1,-0.714286,-1,-1,-1,1,-0.5,-1,-1,-1,0,1,-1,-1,-1,-1,-1,1,-1,-1,1,1,-1,-1,1,-1,-1,1,1,1,-1,-0.76,-0.97377,-1,-1,-1,-1
-1,1,-1,-1,-1,-1,-1,0.5,0.428571,-1,1,-1,1,-1,-1,-1,-1,-1,1,-1,-1,-1,1,-1,-1,1,-0.333333,-1,1,1,1,1,-0.066667,-0.200131,-0.876639,-1,-1,-1
-1,1,-0.714286,-1,1,1,-1,0.5,-1,-1,-1,1,1,-1,-1,-1,-1,-1,1,-1,-1,-1,1,-1,-1,1,-1,-1,1,1,1,-1,-0.4928,-0.2,-1,1,-1,-1
0,1,-1,-1,-1,-1,0,-1,-1,-1,-1,-1,1,-1,-1,-1,-1,-1,1,-1,-1,-1,1,-1,1,1,-1,-1,1,1,1,-1,-0.7072,-0.672262,-1,-1,-1,-1
-1,1,-0.714286,-1,-1,-1,1,-0.5,-1,-1,-1,0,1,-1,-1,-1,-1,1,1,-1,-1,-1,1,-1,-1,1,-1,-1,1,1,1,1,-0.973333,-0.2,-0.687705,1,-1,-1
-1,1,-0.714286,-1,0.058824,-1,1,0.5,-1,-1,-1,-0.5,1,-1,-1,-1,-1,-1,1,-1,-1,-1,1,-1,-1,1,-1,-1,1,1,1,1,-0.813867,0.731148,-0.688115,-1,-1,-1
-1,1,1,-1,-1,-1,-1,0.5,-0.114286,-1,-1,1,1,-1,1,-1,-1,-1,1,-1,-1,-1,1,-1,-1,1,-1,-1,1,1,1,1,-0.28,-0.2,-0.687705,-1,-1,-1
-1,1,-0.714286,-1,-1,-1,1,-0.5,-1,-1,-1,0,1,-1,-1,1,-1,-1,1,-1,-1,-1,1,-1,-1,1,-1,-1,1,1,1,-1,-0.760533,0.731148,-1,-1,-1,-1
-1,1,-0.428571,0.571429,-1,-1,-1,0.5,-1,-1,-1,-1,1,-1,-1,-1,-1,-1,1,-1,-1,-1,1,-1,-1,1,-1,-1,1,1,1,-1,-0.552,-0.2,-1,-1,-1,-1
-1,1,-0.428571,0.857143,-1,-1,-1,0.5,-1,-1,-1,-1,1,-1,-1,-1,-1,-1,1,-1,-1,-1,1,-1,-1,1,-1,-1,1,1,1,-1,-0.706667,0.180328,-1,-1,-1,-1
-1,1,-0.714286,-1,-1,-1,-1,0.5,0.428571,-1,-1,1,1,-1,-1,-1,-1,-1,1,-1,-1,-1,1,-1,-1,1,-1,-1,1,1,1,-1,-0.28,0.731148,-1,-1,-1,-1
-1,1,0.714286,-1,-1,-1,1,-0.5,-1,-1,-1,-1,0,-1,-1,-1,-1,-1,1,-1,-1,-1,1,-1,-1,1,-1,-1,1,1,1,1,-0.280533,0.731148,-0.687705,-1,-1,-1
-1,1,-0.714286,-1,-1,-1,1,-0.5,-1,-1,-1,0,1,-1,1,-1,-1,-1,1,-1,-1,-1,1,-1,-1,1,-1,-1,1,1,1,1,0.573333,0.731148,1,-1,-1,-1
-1,1,-1,-1,-1,-1,0,-0.5,-1,-1,-1,1,1,-1,-1,-1,-1,-1,1,-1,-1,1,1,-1,-1,1,-1,-1,1,1,1,-1,-0.9728,-0.97377,-1,-1,-1,-1
1,1,-0.714286,-1,-1,-1,1,0,-1,1,-1,0,1,-1,-1,-1,-1,-1,1,-1,-1,-1,1,-1,-1,1,-1,-1,1,1,1,1,-0.76,-0.560656,-0.74918,-1,-1,-1
-1,1,-0.714286,-1,-1,-1,1,-0.5,-1,-1,-1,0,1,-1,-1,-1,-1,-1,1,-1,-1,-1,1,-1,-1,1,-1,-1,1,1,1,1,-0.760533,0.731148,-0.687705,1,-1,-1
-1,1,-0.714286,-1,0.058824,-1,1,0.5,-1,-1,-1,-0.5,1,-1,-1,-1,0,1,1,-1,-1,-1,1,-1,-1,1,-1,-1,1,1,1,1,-0.760533,0.6,-0.688115,-1,-1,-1
-1,1,-0.428571,0.571429,-1,-1,-1,0.5,-1,-1,-1,-1,1,-1,-1,-1,-1,-1,1,-1,-1,-1,1,-1,-1,1,-1,-1,1,1,1,-1,-0.552,0.180328,-1,-1,-1,-1
-1,1,-0.714286,-1,0.411765,1,-1,0.5,-1,-1,-1,1,1,-1,-1,-1,0,1,1,-1,-1,1,1,-1,-1,1,-1,-1,1,1,1,1,-0.706133,-0.665443,-0.889754,-1,-1,-1
1,1,-0.714286,-1,1,1,-1,0.5,-1,-1,-1,0,1,-1,-1,1,-1,-1,1,-1,-1,1,1,-1,-1,1,-1,-1,1,1,1,1,-0.493333,-0.213115,-0.938525,-1,-1,-1
-1,1,-0.714286,-1,-1,-1,1,-0.5,-1,-1,-1,1,1,-1,-1,-1,-1,-1,1,-1,-1,-1,1,-1,-1,1,-1,-1,1,1,1,1,-0.760533,-0.2,-0.687705,0,-1,-1
-1,1,0.142857,-1,-1,-1,1,0,-1,-1,-1,-1,1,-1,-1,-1,-1,-1,1,-1,-1,-1,1,-1,-1,1,-1,-1,1,1,1,1,-0.28,0.091016,-0.638934,-1,-1,-1
1,1,0.142857,-1,-1,-1,0,-0.5,-1,-1,-1,1,1,-1,-1,-1,-1,-1,1,-1,-1,-1,1,-1,-1,1,-1,-1,1,1,1,-1,-0.760533,-0.97377,-1,-1,-1,-1
-1,1,-0.714286,-1,-1,-1,1,-0.5,-1,-1,-1,0,1,-1,-1,-1,-1,-1,1,-1,-1,1,1,-1,-1,1,-1,-1,1,1,1,-1,-0.962133,-0.2,-1,-1,-1,-1
-1,1,1,-1,-1,-1,-1,0.5,-0.114286,-1,-1,1,1,-1,-1,-1,-1,-1,1,-1,-1,-1,1,-1,-1,1,-1,-1,1,1,1,1,-0.706667,0.672131,1,-1,-1,-1
-1,1,-0.714286,-1,-1,-1,1,-0.5,-1,-1,-1,0.5,1,-1,1,-1,-1,1,1,-1,-1,-1,1,-1,-1,1,-1,-1,1,1,1,1,-0.760533,0.6,1,-1,-1,-1
-1,1,0.142857,-1,-1,-1,1,-0.5,-1,-1,-1,0,1,-1,-1,-1,0,1,1,-1,-1,-1,1,-1,-1,1,-1,-1,1,1,1,1,-0.760533,-0.219672,-0.687705,-1,-1,-1
-1,1,-0.428571,0.571429,-1,-1,-1,0.5,-1,-1,-1,-1,1,-1,-1,-1,1,-1,1,-1,-1,-1,1,-1,-1,1,-1,-1,1,1,1,-1,0.04,0.180328,-1,-1,-1,-1
1,1,-0.714286,-1,-1,-1,1,1,-1,1,-1,0,1,-1,-1,-1,-1,-1,1,-1,-1,-1,1,-1,-1,1,-1,-1,1,1,1,-1,-0.4928,-0.934426,-1,-1,-1,-1
-1,1,0.142857,-1,-1,-1,1,-0.5,-1,-1,-1,-1,1,-1,-1,-1,-1,-1,1,-1,-1,-1,1,-1,-1,1,-1,-1,1,1,1,1,-0.493333,-0.560656,0.229508,-1,-1,-1
-1,1,-0.142857,-1,-1,-1,-1,0.5,0,-1,-1,1,1,-1,-1,1,1,-1,1,-1,-1,-1,1,-1,-1,1,-1,-1,1,1,1,-1,-0.386667,0.718033,-1,-1,-1,-1
-1,1,0.142857,-1,-1,-1,1,-0.5,-1,-1,-1,-1,1,-1,-1,1,-1,-1,1,-1,-1,-1,1,-1,-1,1,-1,-1,1,1,1,1,-0.706667,-0.2,-0.687705,-1,-1,-1
-1,1,0.142857,-1,-1,-1,1,-0.5,-1,-1,-1,0,1,-1,-1,1,1,-1,1,-1,-1,-1,1,-1,-1,1,-1,-1,1,1,1,-1,1,-0.2,-1,-1,1,-1
0,1,-0.714286,-1,-1,-1,-1,0,-1,1,-1,-1,1,-1,-1,-1,-1,-1,1,-1,1,-1,1,-1,-1,1,-1,-1,1,1,1,1,-0.866667,-0.2,-0.687705,-1,-1,-1
-1,1,-0.714286,-1,0.411765,1,-1,0.5,-1,-1,-1,1,1,-1,-1,-1,-1,-1,1,-1,-1,-1,1,-1,-1,1,-1,1,1,1,1,-1,0.36,-0.2,-1,-1,1,-1
-1,1,-0.714286,-1,-1,-1,1,-0.5,-1,-1,-1,1,1,-1,-1,-1,0,-1,1,-1,-1,-1,1,-1,-1,1,-1,-1,1,1,1,-1,-0.7072,0.704918,-1,-1,-1,-1
-1,1,0.142857,-1,-1,-1,1,-0.5,-1,-1,-1,-1,1,-1,-1,-1,-1,-1,1,-1,-1,-1,1,-1,-1,1,-1,-1,1,1,1,1,-0.28,0.967213,-0.74918,-1,-1,-1
-1,1,0.142857,-1,-1,-1,1,-0.5,-1,-1,-1,0,1,-1,-1,-1,-1,-1,1,-1,-1,1,1,-1,-1,1,-1,-1,1,1,1,1,-0.493333,-0.200131,0.709016,-1,-1,-1
-1,1,-0.714286,-1,-1,-1,1,-0.5,-1,-1,-1,0,1,-1,-1,-1,-1,-1,1,-1,-1,-1,1,-1,-1,1,-1,1,1,1,1,-1,0.573867,-0.800656,-1,-1,-1,-1
-1,1,-0.714286,-1,-1,-1,1,0,-1,1,-1,0,1,-1,-1,-1,-1,-1,1,-1,-1,-1,1,-1,-1,1,-1,-1,1,1,1,1,-0.8128,0.731148,1,-1,-1,-1
-1,1,-0.714286,-1,-1,-1,1,-0.5,-1,-1,-1,1,1,-1,-1,-1,-1,-1,1,-1,-1,-1,1,-1,-1,1,-1,-1,1,1,1,1,-0.92,0.731148,1,0,-1,-1
-1,1,0.142857,-1,-1,-1,1,-0.5,-1,-1,-1,0,1,-1,-1,-1,-1,1,1,-1,-1,-1,1,-1,-1,1,-1,-1,1,1,1,1,-0.76,-0.2,-0.687705,-1,-1,-1
-1,1,-0.714286,-1,-1,-1,1,0,-1,1,-1,0,1,-1,-1,-1,-1,-1,1,-1,-1,-1,1,-1,-1,1,-1,-1,1,1,1,1,-0.6,0.731148,-0.687705,-1,-1,-1
-1,1,-0.714286,-1,0.882353,1,-1,0.5,-1,-1,-1,1,1,-1,-1,-1,-1,-1,1,-1,-1,-1,1,-1,-1,1,-1,-1,1,1,1,1,-0.28,0.731148,-0.74918,1,-1,-1
-1,1,-0.714286,-1,-1,-1,-1,0.5,0.428571,-1,-1,1,1,-1,-1,-1,-1,-1,1,-1,-1,-1,1,-1,-1,1,-1,-1,1,1,1,-1,-0.28,1,-1,-1,-1,-1
-1,1,0.142857,-1,-1,-1,1,0,-1,-1,-1,-1,1,-1,-1,-1,-1,-1,1,-1,-1,-1,1,-1,-1,1,-1,-1,1,1,1,1,-0.066667,-0.2,0.709016,-1,-1,-1
-1,1,-1,-1,-1,-1,1,-1,-1,-1,-1,1,1,-1,-1,-1,-1,-1,1,-1,-1,-1,1,-1,-1,1,-1,-1,1,1,1,-1,-0.7072,-0.97377,-1,-1,-1,-1
-1,1,0.142857,-1,-1,-1,1,-0.5,-1,-1,-1,-1,1,-1,-1,-1,0,1,1,-1,-1,-1,1,-1,-1,1,-1,-1,1,1,1,1,-0.706667,0.704918,-0.687705,-1,-1,-1
0,1,-0.714286,-1,-1,-1,-1,0,-1,1,-1,-1,1,-1,-1,-1,-1,-1,1,-1,-1,-1,1,-1,1,1,-1,-1,1,1,1,1,-0.813333,-0.2,-0.877049,-1,-1,-1
0,1,-1,-1,-1,-1,0,-1,-1,-1,-1,-1,1,-1,-1,-1,-1,-1,1,-1,-1,-1,1,-1,1,1,-1,-1,1,1,1,-1,-0.28,-0.2,-1,-1,-1,-1
-1,1,-0.714286,-1,-1,-1,1,-0.5,-1,-1,-1,0,1,-1,1,-1,-1,1,1,-1,-1,-1,1,-1,-1,1,-1,-1,1,1,1,1,-0.760533,0.731148,-0.687705,1,-1,-1
-1,1,-0.714286,-1,0.647059,1,-1,0.5,-1,-1,-1,1,1,-1,-1,1,-1,-1,1,-1,-1,-1,1,-1,-1,1,-1,-1,1,1,1,-1,0.2,-0.2,-1,-1,1,-1
1,1,-0.714286,-1,0.176471,1,-1,0.5,-1,-1,-1,0,1,-1,1,-1,-1,-1,1,-1,-1,1,1,-1,-1,1,-1,-1,1,1,1,-1,-0.8928,-0.97377,-1,-1,-1,-1
-1,1,0.142857,-1,-1,-1,1,-0.5,-1,-1,-1,-1,1,-1,1,-1,-1,-1,1,-1,-1,-1,1,-1,-1,1,-1,-1,1,1,1,1,-0.706667,0.967213,0.709016,-1,-1,-1
-1,1,0.142857,-1,-1,-1,1,-0.5,-1,-1,-1,0,1,-1,-1,-1,0,1,1,-1,-1,-1,1,-1,-1,1,-1,-1,1,1,1,1,-0.760533,0.731148,-0.688115,-1,-1,-1
-1,1,-0.714286,-1,-1,-1,1,-0.5,-1,-1,-1,0,1,-1,-1,-1,-1,-1,1,-1,-1,-1,1,-1,-1,1,-1,-1,1,1,1,1,0.573867,0.731148,1,-1,-1,-1
-1,1,-0.714286,-1,-1,-1,1,-0.5,-1,-1,-1,0.5,1,-1,1,-1,-1,-1,1,-1,-1,-1,1,-1,-1,1,-1,-1,1,1,1,1,-0.813333,-0.606426,-0.687705,-1,-1,-1
-1,1,-0.714286,-0.885714,-1,1,-1,0.5,-1,-1,-1,1,1,-1,-1,-1,0,-1,1,-1,-1,-1,1,-1,-1,1,-1,-1,1,1,1,-1,-0.866667,-0.967213,-1,-1,-1,-1
-1,1,0.142857,-1,-1,-1,1,-0.5,-1,-1,-1,0,1,-1,-1,-1,1,-1,1,-1,-1,-1,1,-1,-1,1,-1,-1,1,1,1,-1,0.733333,0.311475,-1,-1,1,-1
-1,1,-0.714286,-1,-1,-1,1,-0.5,-1,-1,-1,0.5,1,-1,1,-1,0,1,1,-1,-1,-1,1,-1,-1,1,-1,-1,1,1,1,1,-0.813333,-0.200131,1,-1,-1,-1
-1,1,-0.714286,-1,0.647059,1,-1,0.5,-1,-1,-1,1,1,-1,-1,-1,-1,-1,1,-1,-1,-1,1,-1,-1,1,-1,-1,1,1,1,-1,-0.706667,-0.934426,-1,-1,-1,-1
-1,1,0.142857,-1,-1,-1,1,-0.5,-1,-1,-1,0,1,-1,1,-1,-1,-1,1,-1,-1,-1,1,-1,-1,1,-1,-1,1,1,1,-1,-0.28,0.731148,-1,-1,-1,-1
-1,1,-1,-1,-1,-1,1,-1,-1,-1,-1,1,1,-1,-1,-1,-1,-1,1,-1,-1,1,1,-1,-1,1,-1,-1,1,1,1,-1,-0.973333,-0.200131,-1,-1,-1,-1
-1,1,0.142857,-1,-1,-1,1,0,-1,-1,-1,0,1,-1,-1,-1,-1,-1,1,-1,-1,-1,1,-1,-1,1,-1,-1,1,1,1,1,-0.28,-0.200131,-0.74918,-1,-1,-1
-1,1,-0.714286,-1,-1,-1,1,0,-1,1,-1,0.5,1,-1,-1,-1,0,1,1,-1,-1,1,1,-1,-1,1,-1,-1,1,1,1,1,-0.813333,-0.2,0.709016,-1,-1,-1
-1,1,-0.714286,-1,0.176471,1,-1,0.5,-1,-1,-1,1,1,-1,-1,-1,-1,-1,1,-1,-1,-1,1,-1,-1,1,-1,1,1,1,1,-1,0.573333,-0.2,-1,-1,-1,-1
-1,1,-0.714286,-1,0.647059,1,-1,0.5,-1,-1,-1,1,1,-1,-1,-1,-1,-1,1,-1,-1,-1,1,-1,-1,1,-1,-1,1,1,1,-1,-0.813333,-0.2,-1,-1,-1,-1
-1,1,-0.714286,-1,0.058824,-1,1,0.5,-1,-1,-1,-0.5,1,-1,-1,-1,-1,-1,1,-1,-1,-1,1,-1,-1,1,-1,-1,1,1,1,-1,-0.76,0.731148,-1,-1,-1,-1
-1,1,-0.714286,-1,0.411765,1,-1,0.5,-1,-1,-1,1,1,-1,-1,-1,1,-1,1,-1,-1,-1,1,-1,-1,1,-1,-1,1,1,1,-1,1,-0.494951,-1,-1,-1,-1
-1,1,-0.714286,-1,0.647059,1,-1,0.5,-1,-1,-1,1,1,-1,-1,-1,-1,-1,1,-1,-1,-1,1,-1,-1,1,-1,1,1,1,1,-1,-0.813333,0.731148,-1,-1,1,-1
-1,1,-0.428571,0.285714,-1,-1,-1,0.5,-1,-1,-1,-1,1,-1,-1,1,1,-1,1,-1,-1,-1,1,-1,-1,1,-1,-1,1,1,1,-1,0.04,-0.160656,-1,-1,-1,-1
-1,1,-0.714286,-1,-1,-1,1,-0.5,-1,-1,-1,1,1,-1,-1,-1,-1,-1,1,-1,-1,-1,1,-1,-1,1,-1,-1,1,1,1,-1,-0.760533,-0.97377,-1,-1,-1,-1
-1,1,-0.714286,-1,-1,-1,1,-0.5,-1,-1,-1,0,1,-1,-1,-1,0,-1,1,-1,-1,-1,1,-1,-1,1,-1,-1,1,1,1,-1,-0.760533,0.731148,-1,-1,-1,-1
-1,1,-0.714286,-1,-1,-1,1,-0.5,-1,-1,-1,1,1,-1,-1,-1,-1,-1,1,-1,-1,-1,1,-1,-1,1,-1,-1,1,1,1,1,-0.493333,-0.200131,-0.748361,-1,-1,-1
-1,1,-0.714286,-1,-1,-1,1,0,-1,1,-1,0,1,-1,-1,-1,-1,-1,1,-1,-1,-1,1,-1,-1,1,-1,-1,1,1,1,1,-0.6,0.731148,1,-1,-1,-1
0,1,-0.714286,-1,-1,-1,1,0,-1,1,-1,-1,1,-1,-1,-1,-1,-1,1,-1,-1,-1,1,-1,-1,1,-1,-1,1,1,1,-1,-0.493333,-0.200131,-1,-1,-1,-1
-1,1,-0.428571,0.857143,-1,-1,-1,0.5,-1,-1,-1,-1,1,-1,-1,-1,-1,-1,1,-1,-1,-1,1,-1,-1,1,-1,-1,1,1,1,-1,-0.6,-0.2,-1,-1,-1,-1
-1,1,-0.428571,0.571429,-1,-1,-1,0.5,-1,-1,-1,-1,1,-1,-1,1,1,-1,1,-1,-1,-1,1,-1,-1,1,-1,1,1,1,1,-1,-0.333333,0.180328,-1,-1,-1,-1
-1,1,-0.428571,0.285714,-1,-1,-1,0.5,-1,-1,-1,-1,1,-1,-1,-1,-1,-1,1,-1,-1,-1,1,-1,-1,1,-1,-1,1,1,1,-1,0.573333,0.180328,-1,-1,-1,-1
-1,1,-0.714286,-1,-1,-1,1,-0.5,-1,-1,-1,0,1,-1,-1,-1,-1,-1,1,-1,-1,-1,1,-1,-1,1,-1,-1,1,1,1,1,-0.760533,-0.2,-0.687705,0,-1,-1
1,1,0.142857,-1,-1,-1,0,-0.5,-1,-1,-1,1,1,-1,-1,-1,-1,-1,1,-1,-1,-1,1,-1,-1,1,-1,-1,1,1,1,-1,-0.760533,-0.200131,-1,-1,-1,-1
1,1,-0.714286,-1,-1,-1,1,0,-1,1,-1,0,1,-1,-1,-1,-1,-1,1,-1,-1,-1,1,-1,-1,1,-1,-1,1,1,1,-1,-0.760533,-0.2,-1,-1,-1,-1
-1,1,0.142857,-1,-1,-1,1,-0.5,-1,-1,-1,0,1,-1,1,-1,-1,-1,1,-1,-1,-1,1,-1,-1,1,-1,-1,1,1,1,1,-0.973333,0.731148,-0.687705,1,-1,-1
-1,1,1,-1,-1,-1,-1,0.5,-0.114286,-1,-1,1,1,-1,-1,-1,-1,-1,1,-1,-1,-1,1,-1,-1,1,-1,-1,1,1,1,1,0.200533,0.672131,1,-1,-1,-1
1,1,-0.714286,-1,1,1,-1,0.5,-1,-1,-1,0,1,-1,-1,1,-1,-1,1,-1,-1,-1,1,-1,-1,1,-1,-1,1,1,1,1,-0.6,0.6,-0.687705,-1,-1,-1
-1,1,-0.714286,-1,0.058824,-1,1,0.5,-1,-1,-1,-0.5,1,-1,-1,-1,-1,-1,1,-1,-1,-1,1,-1,-1,1,-1,-1,1,1,1,1,-0.76,-0.2,-0.688934,-1,-1,-1
-1,1,-0.714286,-1,0.058824,-1,1,0.5,-1,-1,-1,-0.5,1,-1,-1,-1,-1,-1,1,-1,-1,-1,1,-1,-1,1,-1,-1,1,1,1,1,-0.76,-0.200131,0.229508,-1,-1,-1
-1,1,-0.714286,-1,1,1,-1,0.5,-1,-1,-1,1,1,-1,-1,-1,-1,-1,1,-1,-1,-1,1,-1,-1,1,-1,-1,1,1,1,1,0.573333,-0.737574,1,-1,-1,-1
-1,1,-0.714286,-1,-1,-1,1,-0.5,-1,-1,-1,0,1,-1,-1,-1,-1,-1,1,-1,-1,-1,1,-1,-1,1,-1,-1,1,1,1,-1,-0.92,-0.200131,-1,-1,-1,-1
0,1,-0.714286,-1,-1,-1,-1,0,-1,1,-1,-1,1,-1,-1,-1,-1,-1,1,-1,-1,-1,1,-1,1,1,-1,-1,1,1,1,1,-0.813333,-0.560656,0.229508,-1,-1,-1
1,1,-0.714286,-1,0.176471,1,-1,0.5,-1,-1,-1,0,1,-1,-1,-1,0,-1,1,-1,-1,-1,1,-1,-1,1,-1,-1,1,1,1,1,-0.813333,0.639344,1,-1,-1,-1
-1,1,0.142857,-1,-1,-1,1,-0.5,-1,-1,-1,0,1,-1,-1,-1,0,1,1,-1,-1,1,1,-1,-1,1,-1,-1,1,1,1,1,-0.76,0.704918,-0.687705,-1,-1,-1
0,1,-0.714286,-1,-1,-1,-1,0,-1,1,-1,-1,1,-1,-1,-1,-1,-1,1,1,-1,-1,1,-1,-1,1,-1,-1,1,1,1,1,-0.813333,-0.2,-0.74918,-1,-1,-1
-1,1,0.142857,-1,-1,-1,1,-0.5,-1,-1,-1,0,1,-1,1,-1,-1,-1,1,-1,-1,-1,1,-1,-1,1,-1,-1,1,1,1,1,0.573333,-0.2,1,-1,-1,-1
-1,1,-1,-1,-1,-1,1,-1,-1,-1,-1,1,1,-1,-1,-1,-1,-1,1,-1,-1,1,1,-1,-1,1,-1,-1,1,1,1,1,-0.973333,-0.2,-0.687705,-1,-1,-1
-1,1,-0.714286,-1,-1,-1,1,0,-1,1,-1,0,1,-1,-1,-1,-1,-1,1,-1,-1,-1,1,-1,-1,1,-1,-1,1,1,1,-1,-0.813333,-0.201311,-1,-1,-1,-1
1,1,-0.714286,-1,1,1,-1,0.5,-1,-1,-1,0,1,-1,-1,1,-1,-1,1,-1,-1,1,1,-1,-1,1,-1,-1,1,1,1,1,-0.493333,0.57377,-0.938525,-1,-1,-1
-1,1,-0.714286,-1,1,1,-1,0.5,-1,-1,-1,1,1,-1,-1,-1,-1,-1,1,-1,-1,-1,1,-1,-1,1,-1,-1,1,1,1,-1,-0.493333,-0.200131,-1,-1,-1,-1
-1,1,-0.714286,-1,-1,-1,1,0,-1,1,-1,0,1,-1,-1,-1,0,1,1,-1,-1,1,1,-1,-1,1,-1,-1,1,1,1,1,-0.76,-0.200131,0.709016,-1,-1,-1
-1,1,0.142857,-1,-1,-1,1,-0.5,-1,-1,-1,-1,1,-1,-1,-1,0,-1,1,-1,-1,-1,1,-1,-1,1,-1,-1,1,1,1,1,-0.280533,0.704918,1,-1,-1,-1
-1,1,-0.714286,-1,-1,-1,1,-0.5,-1,-1,-1,0,1,-1,-1,-1,0,-1,1,-1,-1,-1,1,-1,-1,1,-1,-1,1,1,1,-1,-0.760533,-0.97377,-1,-1,-1,-1
-1,1,0.142857,-1,-1,-1,1,-0.5,-1,-1,-1,0,1,-1,-1,-1,-1,-1,1,-1,-1,-1,1,-1,-1,1,-1,-1,1,1,1,-1,-0.760533,0.731148,-1,-1,-1,-1
-1,1,-1,-1,-1,-1,1,-1,-1,-1,-1,1,1,-1,-1,-1,0,1,1,-1,-1,-1,1,-1,-1,1,-1,-1,1,1,1,1,-0.973333,0.704918,-0.687705,-1,-1,-1
-1,1,0.142857,-1,-1,-1,1,-0.5,-1,-1,-1,0,1,-1,-1,-1,-1,1,1,-1,-1,1,1,-1,-1,1,-1,-1,1,1,1,1,-0.493333,0.731148,0.709016,-1,-1,-1
-1,1,-0.714286,-1,-1,-1,1,-0.5,-1,-1,-1,0.5,1,-1,1,-1,0,-1,1,-1,-1,-1,1,-1,-1,1,-1,-1,1,1,1,1,-0.813333,-0.318033,1,-1,-1,-1
-1,1,-0.714286,-1,-1,-1,1,-0.5,-1,-1,-1,1,1,-1,-1,1,-1,-1,1,-1,-1,-1,1,-1,-1,1,-1,-1,1,1,1,-1,-0.973333,-0.2,-1,-1,-1,-1
-1,1,-0.714286,-1,-1,-1,1,-0.5,-1,-1,-1,0.5,1,-1,1,-1,-1,-1,1,-1,-1,-1,1,-1,-1,1,-1,-1,1,1,1,1,-0.813333,-0.2,1,-1,-1,-1
-1,1,-0.714286,-1,-1,-1,1,-0.5,-1,-1,-1,0,1,-1,-1,-1,-1,1,1,-1,-1,-1,1,-1,-1,1,-1,-1,1,1,1,1,-0.76,-0.2,-0.687705,-1,-1,-1
-1,1,-0.714286,-1,-1,-1,1,0,-1,1,-1,0,1,-1,-1,-1,-1,-1,1,-1,-1,-1,1,-1,-1,1,-1,-1,1,1,1,1,-0.8128,-0.2,1,-1,-1,-1
0,1,-1,-1,-1,-1,0,-1,-1,-1,-1,-1,1,-1,-1,-1,-1,-1,1,-1,1,-1,1,-1,-1,1,-1,-1,1,1,1,1,-0.28,-0.2,-0.687705,-1,-1,-1
-1,1,-0.714286,-1,-1,-1,1,-0.5,-1,-1,-1,0,1,-1,-1,-1,-1,-1,1,-1,-1,1,1,-1,-1,1,-1,-1,1,1,1,-1,-0.813333,-0.200131,-1,-1,-1,-1
-1,1,-0.714286,-1,0.058824,-1,1,0.5,-1,-1,-1,-0.5,1,-1,-1,-1,-1,-1,1,-1,-1,-1,1,-1,-1,1,-1,-1,1,1,1,1,-0.973333,-0.318164,-0.687705,-1,-1,-1
-1,1,0.142857,-1,-1,-1,1,0,-1,-1,-1,0,1,-1,-1,-1,-1,-1,1,-1,-1,-1,1,-1,-1,1,-1,-1,1,1,1,-1,-0.6,-0.901639,-1,-1,-1,-1
-1,1,-0.428571,0.571429,-1,-1,-1,0.5,-1,-1,-1,-1,1,-1,-1,-1,1,-1,1,-1,-1,-1,1,-1,-1,1,-1,-1,1,1,1,-1,0.093333,0.180328,-1,-1,0.666667,-1
-1,1,-0.714286,-1,-1,-1,1,-0.5,-1,-1,-1,0,1,-1,-1,-1,-1,-1,1,-1,-1,-1,1,-1,-1,1,-1,-1,1,1,1,1,-0.973333,-0.2,1,1,-1,-1
-1,1,-0.714286,-1,0.411765,1,-1,0.5,-1,-1,-1,1,1,-1,-1,-1,0,1,1,-1,-1,1,1,-1,-1,1,-1,-1,1,1,1,1,-0.706667,-0.532984,-0.687705,-1,-1,-1
-1,1,0.142857,-1,-1,-1,1,-0.5,-1,-1,-1,-1,1,-1,-1,1,-1,-1,1,-1,-1,-1,1,-1,-1,1,-1,-1,1,1,1,1,-0.706667,0.704918,1,-1,-1,-1
-1,1,-0.714286,-1,1,1,-1,0.5,-1,-1,-1,1,1,-1,-1,-1,-1,-1,1,-1,-1,-1,1,-1,-1,1,-1,-1,1,1,1,-1,0.573867,-0.75082,-1,-1,-1,-1
-1,1,1,-1,-1,-1,-1,0.5,-0.114286,-1,-1,1,1,-1,-1,-1,-1,-1,1,-1,-1,-1,1,-1,-1,1,-1,-1,1,1,1,-1,0.200533,-0.212984,-1,-1,-1,-1
-1,1,-0.714286,-1,-1,-1,1,-0.5,-1,-1,-1,0.5,1,-1,1,-1,-1,-1,1,-1,-1,-1,1,-1,-1,1,-1,-1,1,1,1,1,-0.600533,-0.2,-0.687705,-1,-1,-1
0,1,-0.714286,-1,-1,-1,-1,0,-1,1,-1,-1,1,-1,-1,-1,-1,-1,1,-1,-1,-1,1,-1,1,1,-1,-1,1,1,1,-1,-0.493333,-0.200131,-1,-1,-1,-1
-1,1,-0.714286,-1,0.411765,1,-1,0.5,-1,-1,-1,1,1,-1,-1,-1,-1,-1,1,-1,-1,-1,1,-1,-1,1,-1,1,1,1,1,-1,-0.7072,-0.200131,-1,-1,-1,-1
-1,1,0.142857,-1,-1,-1,1,-0.5,-1,-1,-1,0,1,-1,-1,-1,0,1,1,-1,-1,-1,1,-1,-1,1,-1,-1,1,1,1,1,-0.760533,-0.2,-0.938525,-1,-1,-1
-1,1,0.714286,-1,-1,-1,1,-0.5,-1,-1,-1,-1,-1,-1,-1,-1,-1,-1,1,-1,-1,-1,1,-1,-1,1,-1,-1,1,1,1,-1,-0.76,0.731148,-1,-1,-1,-1
-1,1,-0.428571,0.285714,-1,-1,-1,0.5,-1,-1,-1,-1,1,-1,-1,1,1,-1,1,-1,-1,-1,1,-1,-1,1,-1,-1,1,1,1,-1,-0.333333,-0.160656,-1,-1,-1,-1
-1,1,-0.714286,-1,-1,-1,-1,0.5,0.428571,-1,-1,1,1,-1,-1,-1,-1,-1,1,-1,-1,-1,1,-1,-1,1,-1,-1,1,1,1,-1,-0.28,-0.2,-1,-1,-1,-1
-1,1,0.142857,-1,-1,-1,1,-0.5,-1,-1,-1,0,1,-1,1,-1,-1,-1,1,-1,-1,-1,1,-1,-1,1,-1,-1,1,1,1,1,0.573333,0.731148,-0.687705,-1,-1,-1
-1,1,-1,-1,-1,-1,1,-1,-1,-1,-1,1,1,-1,-1,-1,0,1,1,-1,-1,-1,1,-1,-1,1,-1,-1,1,1,1,1,-0.9728,-0.344262,0.688525,1,-1,-1
-1,1,-0.428571,0.285714,-1,-1,-1,0.5,-1,-1,-1,-1,1,-1,-1,-1,1,-1,1,-1,-1,-1,1,-1,-1,1,-1,-1,1,1,1,-1,0.573333,0.180328,-1,-1,-1,-1
-1,1,-1,-1,0.058824,-1,1,0.5,-1,-1,-1,0,1,-1,-1,-1,-1,-1,1,-1,-1,1,1,-1,-1,1,-1,-1,1,1,1,1,-0.76,0.731148,-0.687705,-1,-1,-1
-1,1,0.142857,-1,-1,-1,1,-0.5,-1,-1,-1,-1,1,-1,-1,-1,-1,1,1,-1,-1,-1,1,-1,-1,1,-1,-1,1,1,1,1,-0.066667,-0.2,0.709016,-1,-1,-1
-1,1,-0.428571,0.857143,-1,-1,-1,0.5,-1,-1,-1,-1,1,-1,-1,-1,-1,-1,1,-1,-1,-1,1,-1,-1,1,-1,1,1,1,1,-1,-0.6,-0.2,-1,-1,-1,-1
-1,1,-0.428571,0.857143,-1,-1,-1,0.5,-1,-1,-1,-1,1,-1,-1,-1,1,-1,1,-1,-1,-1,1,-1,-1,1,-1,-1,1,1,1,-1,0.093333,-0.160656,-1,-1,0.666667,-1
-1,1,0.142857,-1,-1,-1,1,-0.5,-1,-1,-1,-1,1,-1,-1,-1,-1,1,1,-1,-1,-1,1,-1,-1,1,-1,-1,1,1,1,1,-0.28,-0.2,-0.74918,-1,-1,-1
-1,1,0.142857,-1,-1,-1,1,0,-1,-1,-1,-1,1,-1,-1,-1,-1,-1,1,-1,-1,-1,1,-1,-1,1,-1,-1,1,1,1,1,-0.706667,-0.2,-0.687705,-1,-1,-1
-1,1,-0.714286,-1,-1,-1,1,-0.5,-1,-1,-1,0.5,1,-1,-1,-1,-1,-1,1,-1,-1,-1,1,-1,-1,1,-1,-1,1,1,1,1,-0.813333,-0.318033,-0.687705,-1,-1,-1
1,1,-0.714286,-1,-1,-1,1,1,-1,1,-1,0,1,-1,-1,-1,-1,-1,1,-1,-1,-1,1,-1,-1,1,-1,-1,1,1,1,-1,-0.706667,-0.200131,-1,-1,-1,-1
0,1,-0.714286,-1,-1,-1,-1,0,-1,1,-1,-1,1,-1,-1,-1,0,-1,1,1,-1,-1,1,-1,-1,1,-1,-1,1,1,1,-1,-0.28,-0.212984,-1,-1,-1,-1
-1,1,0.714286,-1,-1,-1,1,-0.5,-1,-1,-1,-1,0,-1,-1,-1,-1,-1,1,-1,-1,-1,1,-1,-1,1,-1,-1,1,1,1,1,-0.706667,0.731148,1,-1,-1,-1
-1,1,0.142857,-1,-1,-1,1,-0.5,-1,-1,-1,0,1,-1,1,-1,0,1,1,-1,-1,-1,1,-1,-1,1,-1,-1,1,1,1,1,-0.279467,-0.2,-0.687705,-1,-1,-1
-1,1,0.142857,-1,-1,-1,1,-0.5,-1,-1,-1,0,1,-1,-1,-1,-1,1,1,-1,-1,-1,1,-1,-1,1,-1,-1,1,1,1,1,-0.76,0.731148,-0.687705,-1,-1,-1
0,1,-0.714286,-1,-1,-1,-1,0,-1,1,-1,-1,1,-1,-1,-1,-1,-1,1,1,-1,-1,1,-1,-1,1,-1,-1,1,1,1,1,-0.28,0.6,-0.74918,-1,-1,-1
-1,1,-0.714286,-1,0.058824,-1,1,0.5,-1,-1,-1,-0.5,1,-1,1,-1,-1,-1,1,-1,-1,-1,1,-1,-1,1,-1,-1,1,1,1,1,-0.760533,-0.2,1,0,-1,-1
-1,1,-0.714286,-1,-1,-1,1,-0.5,-1,-1,-1,0.5,1,-1,1,-1,0,-1,1,-1,-1,-1,1,-1,-1,1,-1,-1,1,1,1,1,-0.813333,-0.200131,-0.687705,-1,-1,-1
1,1,-0.714286,-1,-1,-1,1,1,-1,1,-1,0,1,-1,-1,-1,-1,-1,1,-1,-1,-1,1,-1,-1,1,-1,-1,1,1,1,-1,-0.76,-0.97377,-1,-1,-1,-1
-1,1,0.142857,-1,-1,-1,1,-0.5,-1,-1,-1,-1,1,-1,-1,-1,-1,-1,1,-1,-1,-1,1,-1,-1,1,-1,-1,1,1,1,-1,-0.706667,0.731148,-1,-1,-1,-1
-1,1,0.142857,-1,-1,-1,1,-0.5,-1,-1,-1,0,1,-1,1,-1,-1,-1,1,-1,-1,-1,1,-1,-1,1,-1,-1,1,1,1,-1,-0.706667,-0.200131,-1,-1,-1,-1
-1,1,-0.714286,-1,-1,-1,1,0,-1,1,-1,0,1,-1,-1,-1,-1,-1,1,-1,-1,-1,1,-1,-1,1,-1,-1,1,1,1,-1,-0.8128,-0.2,-1,-1,-1,-1
-1,1,0.142857,-1,-1,-1,1,-0.5,-1,-1,-1,-1,1,-1,-1,-1,-1,-1,1,-1,-1,-1,1,-1,-1,1,-1,-1,1,1,1,1,-0.706667,-0.2,-0.687705,-1,-1,-1
-1,1,1,-1,-1,-1,-1,0.5,-0.114286,-1,-1,1,1,-1,-1,-1,-1,-1,1,-1,-1,-1,1,-1,-1,1,-1,-1,1,1,1,1,-0.280533,0.672131,-0.687705,-1,-1,-1
-1,1,-1,-1,-1,-1,1,-1,-1,-1,-1,1,1,-1,-1,-1,-1,-1,1,-1,-1,1,1,-1,-1,1,-1,-1,1,1,1,1,-0.92,0.6,0.709016,-1,-1,-1
1,1,-0.714286,-1,-1,-1,1,0,-1,1,-1,0,1,-1,-1,-1,-1,-1,1,-1,-1,-1,1,-1,-1,1,-1,-1,1,1,1,-1,-0.7072,-0.97377,-1,-1,-1,-1
-1,1,-0.428571,0.285714,-1,-1,-1,0.5,-1,-1,-1,-1,1,-1,-1,-1,-1,-1,1,-1,-1,-1,1,-1,-1,1,-1,-1,1,1,1,-1,-0.333333,-0.160656,-1,-1,-1,-1
-1,1,0.142857,-0.828571,-1,1,-1,0.5,-1,-1,-1,-1,1,-1,-1,-1,-1,-1,1,-1,-1,-1,1,-1,-1,1,-1,-1,1,1,1,1,-0.6,0.731148,-0.687705,-1,-1,-1
-1,1,0.142857,-1,-1,-1,1,-0.5,-1,-1,-1,0,1,-1,-1,-1,0,1,1,-1,-1,1,1,-1,-1,1,-1,-1,1,1,1,1,-0.280533,-0.2,-0.687705,-1,-1,-1
-1,1,-0.428571,0.285714,-1,-1,-1,0.5,-1,-1,-1,-1,1,-1,-1,-1,1,-1,1,-1,-1,-1,1,-1,-1,1,-1,-1,1,1,1,-1,0.573333,0.180328,-1,-1,1,-1
-1,1,-0.714286,-1,-1,-1,1,-0.5,-1,-1,-1,0,1,-1,-1,-1,-1,-1,1,-1,-1,-1,1,-1,-1,1,-1,-1,1,1,1,-1,-0.9728,-0.2,-1,0,-1,-1
0,1,-0.714286,-1,-1,-1,-1,0,-1,1,-1,-1,1,-1,-1,-1,-1,-1,1,1,-1,-1,1,-1,-1,1,-1,-1,1,1,1,1,-0.813333,-0.200131,-0.99959,-1,-1,-1
-1,1,-0.714286,-1,-1,-1,1,0,-1,1,-1,0,1,-1,-1,-1,0,1,1,-1,-1,1,1,-1,-1,1,-1,-1,1,1,1,1,-0.76,-0.200131,-0.74918,-1,-1,-1
1,1,-0.714286,-1,0.176471,1,-1,0.5,-1,-1,-1,0,1,-1,-1,-1,-1,-1,1,-1,-1,-1,1,-1,-1,1,-1,-1,1,1,1,-1,-0.973333,0.639344,-1,-1,-1,-1
1,1,-0.714286,-1,0.176471,1,-1,0.5,-1,-1,-1,0,1,-1,1,-1,-1,-1,1,-1,-1,-1,1,-1,-1,1,-1,-1,1,1,1,-1,-0.973333,-0.2,-1,-1,-1,-1
-1,1,-1,-1,-1,-1,-1,0.5,0.428571,-1,1,-1,1,-1,-1,-1,-1,-1,1,-1,-1,-1,1,-1,-1,1,-0.333333,-1,1,1,1,1,-0.066667,-0.606426,-0.876639,-1,-1,-1
-1,1,0.142857,-1,-1,-1,1,-0.5,-1,-1,-1,0,1,-1,1,-1,0,1,1,-1,-1,-1,1,-1,-1,1,-1,-1,1,1,1,1,-0.280533,0.704918,-0.687705,-1,-1,-1
-1,1,-0.714286,-1,-1,-1,1,-0.5,-1,-1,-1,1,1,-1,1,-1,0,1,1,-1,-1,-1,1,-1,-1,1,-1,-1,1,1,1,1,-0.76,-0.2,1,-1,-1,-1
-1,1,-0.714286,-1,-1,-1,1,-0.5,-1,-1,-1,0,1,-1,-1,-1,-1,-1,1,-1,-1,1,1,-1,-1,1,-1,-1,1,1,1,-1,-0.493333,-0.213246,-1,-1,-1,-1
-1,1,-0.714286,-1,0.411765,1,-1,0.5,-1,-1,-1,1,1,-1,-1,-1,0,1,1,-1,-1,1,1,-1,-1,1,-1,-1,1,1,1,1,-0.706667,-0.532984,1,-1,-1,-1
-1,1,0.142857,-1,-1,-1,1,-0.5,-1,-1,-1,0,1,-1,1,-1,0,1,1,-1,-1,-1,1,-1,-1,1,-1,-1,1,1,1,1,-0.279467,-0.2,1,-1,-1,-1
1,1,-0.714286,-1,1,1,-1,0.5,-1,-1,-1,0,1,-1,-1,1,-1,-1,1,-1,-1,1,1,-1,-1,1,-1,-1,1,1,1,1,-0.92,-0.213115,-0.74959,-1,-1,-1
-1,1,0.142857,-1,-1,-1,0,0,-1,-1,-1,1,1,-1,-1,-1,-1,-1,1,-1,-1,-1,1,-1,-1,1,-1,-1,1,1,1,-1,-0.8128,-0.2,-1,-1,-1,-1
-1,1,-0.714286,-1,-1,-1,1,-0.5,-1,-1,-1,1,1,-1,-1,-1,-1,-1,1,-1,-1,-1,1,-1,-1,1,-1,1,1,1,1,-1,-0.760533,-0.97377,-1,-1,-1,-1
-1,1,-0.714286,-1,-1,-1,1,0,-1,1,-1,0.5,1,-1,-1,-1,0,1,1,-1,-1,1,1,-1,-1,1,-1,-1,1,1,1,1,-0.493333,-0.2,-0.687705,-1,-1,-1
-1,1,-0.714286,-1,-1,-1,1,0,-1,1,-1,0,1,-1,-1,-1,-1,-1,1,-1,-1,-1,1,-1,-1,1,-1,-1,1,1,1,-1,-0.813333,-0.2,-1,-1,-1,-1
-1,1,-0.714286,-1,0.411765,1,-1,0.5,-1,-1,-1,1,1,-1,-1,-1,0,1,1,-1,-1,1,1,-1,-1,1,-1,-1,1,1,1,1,-0.706133,-0.533115,-0.687705,-1,-1,-1
-1,1,1,-1,-1,-1,-1,0.5,-0.114286,-1,-1,1,1,-1,-1,-1,-1,-1,1,-1,-1,-1,1,-1,-1,1,-1,-1,1,1,1,1,0.2,-0.2,-0.687705,-1,-1,-1
-1,1,0.142857,-1,-1,-1,1,-0.5,-1,-1,-1,0,1,-1,-1,-1,0,1,1,-1,-1,-1,1,-1,-1,1,-1,-1,1,1,1,1,-0.760533,-0.201311,-0.74918,-1,-1,-1
-1,1,-1,-1,-1,1,1,-0.5,-1,-1,-1,-1,1,-1,-1,-1,-1,-1,1,-1,-1,-1,1,-1,-1,1,-1,-1,1,1,1,-1,0.573333,-0.2,-1,-1,-1,-1
-1,1,-1,-1,-1,-1,-1,0.5,0.428571,-1,1,-1,1,-1,-1,-1,-1,-1,1,-1,-1,-1,1,-1,-1,1,-1,-1,1,1,1,1,-0.066667,-0.606426,-0.876639,-1,-1,-1
-1,1,-0.714286,-1,-1,-1,1,0,-1,1,-1,1,1,-1,-1,-1,-1,-1,1,-1,-1,-1,1,-1,-1,1,-1,-1,1,1,1,-1,-0.6,0.731148,-1,-1,-1,-1
-1,1,-1,-1,-1,-1,-1,0.5,0.428571,-1,1,-1,1,-1,-1,-1,-1,-1,1,-1,-1,-1,1,-1,-1,1,-1,-1,1,1,1,1,-0.28,-0.2,-0.687705,-1,-1,-1
-1,1,-0.714286,-1,-1,-1,1,-0.5,-1,-1,-1,0.5,1,-1,1,-1,0,1,1,-1,-1,-1,1,-1,-1,1,-1,-1,1,1,1,1,-0.813333,0.731148,-0.876639,-1,-1,-1
-1,1,-0.714286,-1,-1,-1,1,-0.5,-1,-1,-1,0,1,-1,-1,-1,-1,-1,1,-1,-1,-1,1,-1,-1,1,-1,-1,1,1,1,-1,0.573333,-0.200131,-1,-1,-1,-1
-1,1,-0.714286,-1,0.058824,-1,1,0.5,-1,-1,-1,-0.5,1,-1,-1,-1,-1,-1,1,-1,-1,-1,1,-1,-1,1,-1,-1,1,1,1,-1,-0.76,-0.2,-1,-1,-1,-1
-1,1,-0.714286,-1,1,1,-1,0.5,-1,-1,-1,1,1,-1,-1,-1,-1,-1,1,-1,-1,-1,1,-1,-1,1,-1,-1,1,1,1,-1,-0.599467,-0.200131,-1,-1,-1,-1
-1,1,-0.714286,-1,-1,-1,1,-0.5,-1,-1,-1,0.5,1,-1,1,-1,-1,1,1,-1,-1,-1,1,-1,-1,1,-1,-1,1,1,1,1,-0.760533,-0.319344,-0.687705,-1,-1,-1
-1,1,-0.428571,0.857143,-1,-1,-1,0.5,-1,-1,-1,-1,1,-1,-1,-1,-1,-1,1,-1,-1,-1,1,-1,-1,1,-1,-1,1,1,1,-1,0.466667,-0.914623,-1,-1,-1,-1
-1,1,0.142857,-1,-1,-1,1,-0.5,-1,-1,-1,0,1,-1,-1,-1,0,1,1,-1,-1,1,1,-1,-1,1,-1,-1,1,1,1,1,-0.280533,-0.2,0.709016,-1,-1,-1
-1,1,-0.714286,-1,-1,-1,1,-0.5,-1,-1,-1,0,1,-1,-1,-1,0,-1,1,-1,-1,-1,1,-1,-1,1,-1,-1,1,1,1,1,-0.76,-0.200131,1,-1,-1,-1
-1,1,-1,-1,0.176471,1,-1,0.5,-1,-1,-1,1,1,-1,-1,-1,-1,-1,1,-1,-1,-1,1,-1,-1,1,-1,1,1,1,1,-1,-0.813333,-0.2,-1,-1,-1,-1
-1,1,-0.714286,-1,-1,-1,1,-0.5,-1,-1,-1,0,1,-1,-1,-1,-1,1,1,-1,-1,-1,1,-1,-1,1,-1,-1,1,1,1,1,-0.76,0.731148,-0.687705,-1,-1,-1
-1,1,0.142857,-1,-1,-1,1,0,-1,-1,-1,-1,1,-1,-1,-1,-1,-1,1,-1,-1,-1,1,-1,-1,1,-1,-1,1,1,1,1,-0.706667,0.731148,-0.688115,-1,-1,-1
-1,1,-0.428571,0.285714,-1,-1,-1,0.5,-1,-1,-1,-1,1,-1,-1,-1,-1,-1,1,-1,-1,-1,1,-1,-1,1,-1,1,1,1,1,-1,-0.813333,-0.2,-1,-1,-1,-1
-1,1,0.142857,-1,-1,-1,1,-0.5,-1,-1,-1,0,1,-1,-1,-1,-1,-1,1,-1,-1,1,1,-1,-1,1,-1,-1,1,1,1,-1,-0.76,0.6,-1,-1,-1,-1
-1,1,-0.714286,-1,-1,-1,1,-0.5,-1,-1,-1,0.5,1,-1,1,-1,0,-1,1,-1,-1,-1,1,-1,-1,1,-1,-1,1,1,1,1,-0.813333,-0.318033,-0.687705,-1,-1,-1
-1,1,-0.714286,-1,0.058824,-1,1,0.5,-1,-1,-1,-0.5,1,-1,-1,-1,0,-1,1,-1,-1,-1,1,-1,-1,1,-1,-1,1,1,1,1,-0.973333,0.731148,-0.687705,-1,-1,-1
-1,1,-0.714286,-1,-1,-1,1,-0.5,-1,-1,-1,1,1,-1,-1,-1,-1,-1,1,-1,-1,-1,1,-1,-1,1,-1,-1,1,1,1,1,-0.92,0.731148,-0.687705,0,-1,-1
0,1,-1,-1,-1,-1,0,-1,-1,-1,-1,-1,1,-1,-1,-1,-1,-1,1,-1,-1,-1,1,-1,1,1,-1,-1,1,1,1,1,-0.866667,0.6,1,-1,-1,-1
-1,1,-0.714286,-1,-1,-1,1,-0.5,-1,-1,-1,1,1,-1,-1,-1,-1,-1,1,-1,-1,-1,1,-1,-1,1,-1,-1,1,1,1,-1,0.573867,-1,-1,-1,-1,-1
1,1,0.142857,-1,-1,-1,0,-0.5,-1,-1,-1,1,1,-1,-1,-1,-1,-1,1,-1,-1,-1,1,-1,-1,1,-1,-1,1,1,1,-1,-0.760533,0.639344,-1,-1,-1,-1
-1,1,-0.428571,0.571429,-1,-1,-1,0.5,-1,-1,-1,-1,1,-1,-1,1,1,-1,1,-1,-1,-1,1,-1,-1,1,-1,1,1,1,1,-1,0.573333,-0.160656,-1,-1,1,-1
0,1,-1,-1,-1,-1,0,-1,-1,-1,-1,-1,1,-1,-1,-1,-1,-1,1,-1,-1,-1,1,-1,1,1,-1,-1,1,1,1,-1,-0.706667,-0.934426,-1,-1,-1,-1
-1,1,-0.714286,-1,-1,-1,1,0,-1,1,-1,0,1,-1,-1,-1,-1,-1,1,-1,-1,-1,1,-1,-1,1,-1,-1,1,1,1,1,-0.6,-0.2,-0.687705,-1,-1,-1
0,1,-0.714286,-1,-1,-1,1,0,-1,1,-1,-1,1,-1,-1,-1,-1,-1,1,-1,-1,-1,1,-1,-1,1,-1,-1,1,1,1,-1,-0.28,-0.200131,-1,-1,-1,-1
-1,1,-0.714286,-1,0.411765,1,-1,0.5,-1,-1,-1,1,1,-1,-1,-1,-1,-1,1,-1,-1,-1,1,-1,-1,1,-1,-1,1,1,1,-1,-0.7072,-0.97377,-1,-1,-1,-1
-1,1,0.142857,-1,-1,-1,1,0,-1,-1,-1,0,1,-1,-1,-1,-1,-1,1,-1,-1,-1,1,-1,-1,1,-1,-1,1,1,1,-1,-0.8128,-0.2,-1,-1,-1,1
-1,1,-1,-1,-1,-1,1,-1,-1,-1,-1,1,1,-1,-1,-1,-1,-1,1,-1,-1,-1,1,-1,-1,1,-1,-1,1,1,1,1,-0.973333,0.731148,-0.687705,1,-1,-1
-1,1,-0.714286,-1,1,1,-1,0.5,-1,-1,-1,1,1,-1,-1,-1,-1,-1,1,-1,-1,-1,1,-1,-1,1,-1,-1,1,1,1,-1,-0.92,-0.200131,-1,-1,-1,-1
-1,1,0.142857,-1,-1,-1,1,-0.5,-1,-1,-1,0,1,-1,1,-1,0,1,1,-1,-1,-1,1,-1,-1,1,-1,-1,1,1,1,1,-0.76,-0.2,-0.687705,-1,-1,-1
-1,1,-0.714286,-1,-1,-1,1,-0.5,-1,-1,-1,0.5,1,-1,1,-1,-1,-1,1,-1,-1,-1,1,-1,-1,1,-1,-1,1,1,1,1,-0.813333,-0.2,-0.688115,-1,-1,-1
-1,1,-0.714286,-1,-1,-1,1,-0.5,-1,-1,-1,1,1,-1,-1,-1,-1,-1,1,-1,-1,-1,1,-1,-1,1,-1,1,1,1,1,-1,-0.760533,-0.200131,-1,-1,-1,-1
-1,1,-0.714286,-1,0.882353,1,-1,0.5,-1,-1,-1,1,1,-1,-1,-1,-1,-1,1,-1,-1,1,1,-1,-1,1,-1,-1,1,1,1,-1,-0.866667,-0.963279,-1,-1,-1,-1
-1,1,-0.714286,-1,-1,-1,1,-0.5,-1,-1,-1,1,1,-1,-1,-1,0,1,1,-1,-1,1,1,-1,-1,1,-1,-1,1,1,1,1,-0.76,-0.2,0.709016,-1,-1,-1
-1,1,-0.714286,-1,0.058824,-1,1,0.5,-1,-1,-1,-0.5,1,-1,-1,-1,0,1,1,-1,-1,-1,1,-1,-1,1,-1,-1,1,1,1,1,-0.92,0.6,-0.688115,-1,-1,-1
-1,1,0.142857,-1,-1,-1,1,-0.5,-1,-1,-1,0,1,-1,-1,-1,0,1,1,-1,-1,-1,1,-1,-1,1,-1,-1,1,1,1,1,-0.92,-0.2,-0.938525,-1,-1,-1
-1,1,0.142857,-1,-1,-1,1,-0.5,-1,-1,-1,0,1,-1,-1,-1,-1,-1,1,-1,-1,-1,1,-1,-1,1,-1,1,1,1,1,1,0.573333,-0.2,-0.687705,-1,-1,-1
-1,1,-1,-1,-1,-1,1,-1,-1,-1,-1,1,1,-1,-1,-1,-1,-1,1,-1,-1,-1,1,-1,-1,1,-1,-1,1,1,1,1,-0.973333,-0.2,-0.688115,-1,-1,-1
-1,1,-0.714286,-1,1,1,-1,0.5,-1,-1,-1,1,1,-1,-1,-1,1,-1,1,-1,-1,-1,1,-1,-1,1,-1,1,1,1,1,-1,1,0.311475,-1,-1,1,-1
-1,1,0.142857,-0.828571,-1,1,-1,0.5,-1,-1,-1,-1,1,-1,-1,-1,-1,-1,1,-1,-1,-1,1,-1,-1,1,-1,-1,1,1,1,1,-0.6,-0.2,1,-1,-1,-1
-1,1,-0.714286,-1,0.058824,-1,1,0.5,-1,-1,-1,-0.5,1,-1,-1,-1,-1,-1,1,-1,-1,-1,1,-1,-1,1,-1,-1,1,1,1,1,-0.28,-0.2,1,-1,-1,-1
-1,1,0.142857,-1,-1,-1,1,0,-1,-1,-1,-1,1,-1,-1,-1,-1,-1,1,-1,-1,-1,1,-1,-1,1,-1,-1,1,1,1,1,-0.706667,-0.200131,-0.687705,-1,-1,-1
-1,1,-0.714286,-1,0.176471,1,-1,0.5,-1,-1,-1,1,1,-1,-1,1,-1,-1,1,-1,-1,-1,1,-1,-1,1,-1,1,1,1,1,-1,-0.8128,-0.2,-1,-1,-1,-1
-1,1,0.142857,-1,-1,-1,1,-0.5,-1,-1,-1,0,1,-1,-1,-1,-1,1,1,-1,-1,-1,1,-1,-1,1,-1,-1,1,1,1,1,-0.760533,0.731148,-0.687705,1,-1,-1
-1,1,-0.714286,-1,0.411765,1,-1,0.5,-1,-1,-1,1,1,-1,-1,-1,-1,-1,1,-1,-1,-1,1,-1,-1,1,-1,-1,1,1,1,-1,1,-0.934426,-1,-1,-1,-1
-1,1,1,-1,-1,-1,-1,0.5,-0.114286,-1,-1,1,1,-1,-1,-1,-1,-1,1,-1,-1,-1,1,-1,-1,1,-1,-1,1,1,1,1,0.2,0.672,-0.687705,-1,-1,-1
-1,1,0.142857,-1,-1,-1,1,0,-1,-1,-1,-1,1,-1,-1,-1,-1,-1,1,-1,-1,-1,1,-1,-1,1,-1,-1,1,1,1,1,-0.280533,-0.803279,-0.687705,-1,-1,-1
-1,1,1,-1,-1,-1,-1,0.5,-0.114286,-1,-1,1,1,-1,-1,-1,-1,-1,1,-1,-1,-1,1,-1,-1,1,-1,-1,1,1,1,-1,-0.706667,-0.200131,-1,-1,-1,-1
-1,1,-0.714286,-1,-1,-1,1,-0.5,-1,-1,-1,0.5,1,-1,1,-1,-1,1,1,-1,-1,-1,1,-1,-1,1,-1,-1,1,1,1,1,-0.813333,-0.200131,1,-1,-1,-1
-1,1,-0.714286,-1,0.058824,-1,1,0.5,-1,-1,-1,-0.5,1,-1,-1,-1,-1,-1,1,-1,-1,-1,1,-1,-1,1,-1,-1,1,1,1,1,-0.28,0.731148,-0.688934,-1,-1,-1
-1,1,0.142857,-1,-1,-1,1,0,-1,-1,-1,-1,1,-1,-1,-1,-1,-1,1,-1,-1,-1,1,-1,-1,1,-1,-1,1,1,1,1,-0.279467,0.088525,-0.638934,-1,-1,-1
-1,1,-0.714286,-1,-1,-1,1,-0.5,-1,-1,-1,0,1,-1,1,-1,-1,-1,1,-1,-1,-1,1,-1,-1,1,-1,-1,1,1,1,-1,-0.28,-0.921311,-1,-1,-1,-1
-1,1,-0.714286,-1,0.647059,1,-1,0.5,-1,-1,-1,1,1,-1,-1,-1,-1,-1,1,-1,-1,-1,1,-1,-1,1,-1,-1,1,1,1,-1,-0.706133,0.731148,-1,-1,1,-1
-1,1,0.142857,-1,-1,-1,1,-0.5,-1,-1,-1,-1,1,-1,-1,-1,-1,-1,1,-1,-1,-1,1,-1,-1,1,-1,-1,1,1,1,-1,-0.280533,-0.2,-1,-1,-1,-1
-1,1,-1,-1,-1,-1,1,-1,-1,-1,-1,1,1,-1,-1,-1,-1,-1,1,-1,-1,1,1,-1,-1,1,-1,-1,1,1,1,1,-0.973333,0.6,0.709016,-1,-1,-1
-1,1,0.142857,-1,-1,-1,1,-0.5,-1,-1,-1,0,1,-1,1,-1,-1,1,1,-1,-1,-1,1,-1,-1,1,-1,-1,1,1,1,1,-0.279467,-0.803279,1,-1,-1,-1
-1,1,-0.714286,-1,0.411765,1,-1,0.5,-1,-1,-1,1,1,-1,-1,1,-1,-1,1,-1,-1,-1,1,-1,-1,1,-1,-1,1,1,1,-1,-0.599467,0.731148,-1,-1,0.666667,-1
-1,1,-0.714286,-1,0.058824,-1,1,0.5,-1,-1,-1,-0.5,1,-1,1,-1,-1,-1,1,-1,-1,-1,1,-1,-1,1,-1,-1,1,1,1,1,-0.760533,0.731148,1,0,-1,-1
-1,1,-0.714286,-1,-1,-1,1,-0.5,-1,-1,-1,0,1,-1,1,-1,-1,-1,1,-1,-1,-1,1,-1,-1,1,-1,-1,1,1,1,1,-0.973333,0.731148,-0.687705,1,-1,-1
-1,1,-0.142857,-1,-1,-1,-1,0.5,0.714286,-1,-1,1,1,-1,-1,1,-1,-1,1,-1,-1,-1,1,-1,-1,1,-1,-1,1,1,1,1,-0.440533,0.377049,-0.5,-1,-1,-1
-1,1,-0.714286,-1,-1,-1,1,-0.5,-1,-1,-1,0.5,1,-1,1,-1,0,1,1,-1,-1,-1,1,-1,-1,1,-1,-1,1,1,1,1,-0.813333,-0.606426,1,-1,-1,-1
0,1,-0.714286,-1,-1,-1,-1,0,-1,1,-1,-1,1,-1,-1,-1,0,-1,1,-1,-1,-1,1,-1,1,1,-1,-1,1,1,1,1,-0.813333,0.6,-0.687705,-1,-1,-1
-1,1,0.142857,-1,-1,-1,1,-0.5,-1,-1,-1,0,1,-1,-1,-1,-1,-1,1,-1,-1,-1,1,-1,-1,1,-1,-1,1,1,1,1,-0.760533,-0.2,-0.688115,-1,-1,-1
-1,1,-1,-1,-1,-1,1,-1,-1,-1,-1,1,1,-1,-1,-1,-1,-1,1,-1,-1,-1,1,-1,-1,1,-1,-1,1,1,1,1,-0.760533,-0.2,-0.74918,-1,-1,-1
-1,1,0.142857,-1,-1,-1,1,-0.5,-1,-1,-1,0,1,-1,1,-1,-1,-1,1,-1,-1,-1,1,-1,-1,1,-1,-1,1,1,1,1,-0.28,-0.200131,-0.687705,-1,-1,-1
-1,1,-0.714286,-1,0.058824,-1,1,0.5,-1,-1,-1,-0.5,1,-1,-1,-1,-1,-1,1,-1,-1,-1,1,-1,-1,1,-1,-1,1,1,1,1,-0.760533,0.731148,1,0,-1,-1
1,1,-0.714286,-1,-1,-1,1,1,-1,1,-1,0,1,-1,-1,-1,-1,-1,1,-1,-1,-1,1,-1,-1,1,-1,-1,1,1,1,-1,-0.493333,-0.2,-1,-1,-1,-1
-1,1,1,-1,-1,-1,-1,0.5,-0.114286,-1,-1,1,1,-1,-1,-1,-1,-1,1,-1,-1,-1,1,-1,-1,1,-1,-1,1,1,1,1,-0.706667,0.672131,-0.687705,-1,-1,-1
-1,1,0.142857,-1,-1,-1,1,-0.5,-1,-1,-1,0,1,-1,-1,-1,0,1,1,-1,-1,1,1,-1,-1,1,-1,-1,1,1,1,1,-0.493333,0.731148,-0.74959,-1,-1,-1
-1,1,0.142857,-1,-1,-1,1,0,-1,-1,-1,-1,1,-1,-1,-1,-1,-1,1,-1,-1,-1,1,-1,-1,1,-1,-1,1,1,1,1,-0.706667,-0.2,-0.99959,-1,-1,-1
-1,1,-0.714286,-1,0.411765,1,-1,0.5,-1,-1,-1,1,1,-1,-1,-1,0,1,1,-1,-1,1,1,-1,-1,1,-1,-1,1,1,1,1,-0.706667,-0.665574,-0.889344,-1,-1,-1
-1,1,-0.714286,-0.771429,-1,-1,1,0.5,-1,-1,-1,1,1,-1,-1,-1,-1,-1,1,-1,-1,-1,1,-1,-1,1,-1,-1,1,1,1,-1,-0.760533,-0.97377,-1,-1,-1,-1
-1,1,-0.714286,-1,-1,-1,1,-0.5,-1,-1,-1,0.5,1,-1,1,-1,-1,-1,1,-1,-1,-1,1,-1,-1,1,-1,-1,1,1,1,1,-0.813333,-0.318033,-1,-1,-1,-1
-1,1,-0.714286,-1,0.058824,-1,1,0.5,-1,-1,-1,-0.5,1,-1,-1,-1,0,1,1,-1,-1,-1,1,-1,-1,1,-1,-1,1,1,1,1,-0.92,-0.2,-0.877049,-1,-1,-1
-1,1,-0.714286,-1,0.058824,-1,1,0.5,-1,-1,-1,-0.5,1,-1,-1,-1,-1,-1,1,-1,-1,-1,1,-1,-1,1,-1,-1,1,1,1,-1,-0.92,-0.2,-1,0,-1,-1
-1,1,-0.142857,-1,-1,-1,-1,0.5,0.714286,-1,-1,1,1,-1,-1,1,-1,-1,1,-1,-1,-1,1,-1,-1,1,-1,-1,1,1,1,1,-0.653333,-0.2,0.229508,-1,-1,-1
-1,1,-0.714286,-1,0.411765,1,-1,0.5,-1,-1,-1,1,1,-1,-1,-1,1,-1,1,-1,-1,-1,1,-1,-1,1,-1,-1,1,1,1,-1,0.360533,-0.2,-1,-1,1,-1
-1,1,-0.428571,0.571429,-1,-1,-1,0.5,-1,-1,-1,-1,1,-1,-1,1,1,-1,1,-1,-1,-1,1,-1,-1,1,-1,-1,1,1,1,-1,0.093333,0.180328,-1,-1,1,-1
-1,1,0.142857,-0.828571,-1,1,-1,0.5,-1,-1,-1,-1,1,-1,1,-1,-1,-1,1,-1,-1,-1,1,-1,-1,1,-1,-1,1,1,1,1,-0.813333,0.731148,1,-1,-1,-1
0,1,-0.714286,-1,-1,-1,-1,0,-1,1,-1,-1,1,-1,-1,-1,0,-1,1,-1,-1,-1,1,-1,1,1,-1,-1,1,1,1,1,-0.28,-0.2,1,-1,-1,-1
-1,1,0.142857,-1,-1,-1,1,-0.5,-1,-1,-1,0,1,-1,-1,-1,-1,-1,1,-1,-1,1,1,-1,-1,1,-1,-1,1,1,1,1,-0.493333,-0.2,0.709016,-1,-1,-1
-1,1,-0.714286,-1,-1,-1,1,-0.5,-1,-1,-1,0,1,-1,-1,-1,-1,1,1,-1,-1,-1,1,-1,-1,1,-1,-1,1,1,1,1,-0.280533,0.731148,1,-1,-1,-1
-1,1,-1,-1,-1,-1,1,-1,-1,-1,-1,1,1,-1,-1,-1,-1,-1,1,-1,-1,-1,1,-1,-1,1,-1,-1,1,1,1,1,-0.973333,-0.508328,-0.687705,-1,-1,-1
0,1,-0.714286,-1,-1,-1,-1,0,-1,1,-1,-1,1,-1,-1,-1,-1,-1,1,1,-1,-1,1,-1,-1,1,-1,-1,1,1,1,-1,-0.813333,-0.200131,-1,-1,-1,-1
1,1,-0.714286,-1,0.176471,1,-1,0.5,-1,-1,-1,0,1,-1,1,-1,0,-1,1,-1,-1,-1,1,-1,-1,1,-1,-1,1,1,1,1,-0.813333,0.639344,1,-1,-1,-1
-1,1,-1,-1,-1,-1,1,-1,-1,-1,-1,1,1,-1,-1,-1,-1,-1,1,-1,-1,-1,1,-1,-1,1,-1,-1,1,1,1,-1,-0.92,-0.200131,-1,-1,-1,-1
-1,1,0.142857,-1,-1,-1,1,-0.5,-1,-1,-1,0,1,-1,-1,-1,-1,-1,1,-1,-1,-1,1,-1,-1,1,-1,-1,1,1,1,1,-0.760533,-0.2,1,0,-1,-1
-1,1,-1,-1,0.647059,1,-1,0.5,-1,-1,-1,1,1,-1,-1,-1,-1,-1,1,-1,-1,-1,1,-1,-1,1,-1,1,1,1,1,-1,-0.7072,-0.200131,-1,-1,-1,-1
-1,1,-0.714286,-1,-1,-1,1,-0.5,-1,-1,-1,0.5,1,-1,1,-1,0,1,1,-1,-1,-1,1,-1,-1,1,-1,-1,1,1,1,1,-0.760533,-0.318164,-0.687705,-1,-1,-1
-1,1,0.142857,-1,-1,-1,1,-0.5,-1,-1,-1,-1,1,-1,-1,-1,-1,1,1,-1,-1,-1,1,-1,-1,1,-1,-1,1,1,1,1,-0.706667,-0.2,-0.687705,-1,-1,-1
1,1,-0.714286,-1,0.176471,1,-1,0.5,-1,-1,-1,0,1,-1,1,-1,-1,-1,1,-1,-1,-1,1,-1,-1,1,-1,-1,1,1,1,1,-0.8128,0.639344,1,-1,-1,-1
-1,1,0.142857,-1,-1,-1,1,-0.5,-1,-1,-1,0,1,-1,-1,-1,-1,-1,1,-1,-1,-1,1,-1,-1,1,-1,-1,1,1,1,-1,-0.92,-0.2,-1,-1,-1,-1
-1,1,-1,-1,-1,-1,0,-0.5,-1,-1,-1,1,1,-1,-1,-1,-1,-1,1,-1,-1,-1,1,-1,-1,1,-1,-1,1,1,1,-1,-0.973333,0.731148,-1,-1,-1,-1
-1,1,-0.714286,-1,1,1,-1,0.5,-1,-1,-1,1,1,-1,-1,-1,-1,-1,1,-1,-1,1,1,-1,-1,1,-1,-1,1,1,1,-1,-0.6,-0.97377,-1,-1,-1,-1
0,1,-0.714286,-1,-1,-1,-1,0,-1,1,-1,-1,1,-1,-1,-1,-1,-1,1,-1,-1,-1,1,-1,1,1,-1,-1,1,1,1,-1,-0.28,-0.2,-1,-1,-1,-1
-1,1,-0.142857,-1,-1,-1,-1,0.5,0.714286,-1,1,-1,1,-1,-1,-1,-1,-1,1,-1,-1,-1,1,-1,-1,1,-1,-1,1,1,1,1,-0.066667,0.731148,1,-1,-1,-1
-1,1,-0.714286,-1,0.058824,-1,1,0.5,-1,-1,-1,-0.5,1,-1,1,-1,-1,-1,1,-1,-1,-1,1,-1,-1,1,-1,-1,1,1,1,1,-0.760533,0.731148,-0.688525,0,-1,-1
-1,1,-0.428571,0.571429,-1,-1,-1,0.5,-1,-1,-1,-1,1,-1,-1,-1,1,-1,1,-1,-1,-1,1,-1,-1,1,-1,-1,1,1,1,-1,0.093333,-0.160656,-1,-1,1,-1
-1,1,-1,-1,-1,-1,0,-0.5,-1,-1,-1,1,1,-1,-1,-1,-1,-1,1,-1,-1,-1,1,-1,-1,1,-1,-1,1,1,1,-1,0.573333,0.731148,-1,-1,-1,-1
-1,1,-1,-1,0.176471,1,-1,0.5,-1,-1,-1,1,1,-1,-1,-1,-1,-1,1,-1,-1,-1,1,-1,-1,1,-1,1,1,1,1,-1,-0.4928,-0.2,-1,-1,-1,-1
-1,1,-0.714286,-1,-1,-1,1,-0.5,-1,-1,-1,0,1,-1,1,-1,-1,1,1,-1,-1,-1,1,-1,-1,1,-1,-1,1,1,1,1,-0.973333,0.731148,1,1,-1,-1
-1,1,0.142857,-1,-1,-1,1,0,-1,-1,-1,0,1,-1,-1,-1,-1,-1,1,-1,-1,-1,1,-1,-1,1,-1,-1,1,1,1,1,-0.760533,-0.200131,-0.687705,-1,-1,-1
-1,1,0.142857,-1,-1,-1,1,-0.5,-1,-1,-1,-1,1,-1,-1,-1,-1,1,1,-1,-1,-1,1,-1,-1,1,-1,-1,1,1,1,1,-0.706667,-0.2,1,-1,-1,-1
1,1,-0.714286,-1,-1,-1,1,1,-1,1,-1,0,1,-1,-1,-1,-1,-1,1,-1,-1,-1,1,-1,-1,1,-1,-1,1,1,1,-1,-0.76,-0.200131,-1,-1,-1,-1
-1,1,0.142857,-1,-1,-1,1,-0.5,-1,-1,-1,0,1,-1,-1,-1,0,1,1,-1,-1,-1,1,-1,-1,1,-1,-1,1,1,1,1,-0.92,0.731148,-0.688115,-1,-1,-1
-1,1,0.142857,-1,-1,-1,1,-0.5,-1,-1,-1,-1,1,-1,-1,-1,0,-1,1,-1,-1,-1,1,-1,-1,1,-1,-1,1,1,1,-1,-0.28,-0.2,-1,-1,-1,-1
0,1,-0.714286,-1,-1,-1,-1,0,-1,1,-1,-1,1,-1,-1,-1,-1,-1,1,-1,-1,-1,1,-1,1,1,-1,-1,1,1,1,1,-0.28,0.6,-0.688115,-1,-1,-1
-1,1,-0.714286,-1,-1,-1,1,-0.5,-1,-1,-1,0.5,1,-1,1,-1,-1,-1,1,-1,-1,-1,1,-1,-1,1,-1,-1,1,1,1,1,-0.760533,0.6,1,-1,-1,-1
-1,1,0.142857,-1,-1,-1,1,-0.5,-1,-1,-1,-1,1,-1,-1,-1,0,1,1,-1,-1,-1,1,-1,-1,1,-1,-1,1,1,1,1,-0.280533,1,0.709016,-1,-1,-1
-1,1,-0.714286,-1,-1,-1,1,-0.5,-1,-1,-1,0,1,-1,-1,-1,-1,-1,1,-1,-1,1,1,-1,-1,1,-1,-1,1,1,1,-1,-0.28,-0.2,-1,-1,-1,0
-1,1,0.142857,-0.828571,-1,1,-1,0.5,-1,-1,-1,-1,1,-1,-1,-1,-1,-1,1,-1,-1,-1,1,-1,-1,1,-1,-1,1,1,1,-1,-0.866667,-0.2,-1,-1,-1,-1
-1,1,-0.714286,-1,-1,-1,1,-0.5,-1,-1,-1,1,1,-1,-1,-1,-1,-1,1,-1,-1,-1,1,-1,-1,1,-1,1,1,1,1,-1,-0.973333,-0.2,-1,-1,-1,-1
-1,1,-0.714286,-1,-1,-1,1,-0.5,-1,-1,-1,0,1,-1,1,-1,-1,1,1,-1,-1,-1,1,-1,-1,1,-1,-1,1,1,1,1,-0.760533,-0.2,1,1,-1,-1
0,1,-0.714286,-1,-1,-1,-1,0,-1,1,-1,-1,1,-1,-1,-1,0,-1,1,1,-1,-1,1,-1,-1,1,-1,-1,1,1,1,-1,-0.813333,-0.200131,-1,-1,-1,-1
-1,1,0.142857,-1,-1,-1,1,-0.5,-1,-1,-1,0,1,-1,-1,-1,-1,-1,1,-1,-1,-1,1,-1,-1,1,-1,1,1,1,1,-1,-0.973333,-0.2,-1,-1,-1,-1
-1,1,-0.714286,-1,0.411765,1,-1,0.5,-1,-1,-1,1,1,-1,-1,-1,-1,-1,1,-1,-1,-1,1,-1,-1,1,-1,-1,1,1,1,-1,-0.706133,0.731148,-1,-1,1,-1
0,1,-0.714286,-1,-1,-1,-1,0,-1,1,-1,-1,1,-1,-1,-1,0,-1,1,-1,-1,-1,1,-1,1,1,-1,-1,1,1,1,1,-0.28,-0.2,-0.687705,-1,-1,-1
1,1,-0.714286,-1,0.176471,1,-1,0.5,-1,-1,-1,0,1,-1,1,-1,0,-1,1,-1,-1,-1,1,-1,-1,1,-1,-1,1,1,1,1,-0.8928,-0.2,-0.687705,-1,-1,-1
-1,1,-1,-1,0.176471,1,-1,0.5,-1,-1,-1,1,1,-1,-1,1,-1,-1,1,-1,-1,-1,1,-1,-1,1,-1,-1,1,1,1,-1,-0.8128,-0.2,-1,-1,-1,-1
0,1,-0.714286,-1,-1,-1,-1,0,-1,1,-1,-1,1,-1,-1,-1,-1,-1,1,-1,1,-1,1,-1,-1,1,-1,-1,1,1,1,-1,-0.813333,-0.200131,-1,-1,-1,-1
-1,1,0.142857,-1,-1,-1,1,0,-1,-1,-1,-1,1,-1,-1,-1,0,1,1,-1,-1,-1,1,-1,-1,1,-1,-1,1,1,1,1,-0.280533,0.731148,-0.687705,-1,-1,-1
0,1,-0.714286,-1,-1,-1,-1,0,-1,1,-1,-1,1,-1,-1,-1,-1,-1,1,-1,-1,-1,1,-1,1,1,-1,-1,1,1,1,1,-0.28,-0.560656,-0.74918,-1,-1,-1
-1,1,-0.714286,-1,0.058824,-1,1,0.5,-1,-1,-1,-0.5,1,-1,-1,-1,-1,-1,1,-1,-1,-1,1,-1,-1,1,-1,-1,1,1,1,1,-0.973333,-0.2,-0.688115,-1,-1,-1
-1,1,-0.714286,-1,-1,-1,1,-0.5,-1,-1,-1,0,1,-1,1,-1,-1,-1,1,-1,-1,-1,1,-1,-1,1,-1,-1,1,1,1,1,-0.973333,-0.2,-0.687705,1,-1,-1
-1,1,0.142857,-1,-1,-1,1,-0.5,-1,-1,-1,0,1,-1,-1,-1,0,1,1,-1,-1,-1,1,-1,-1,1,-1,-1,1,1,1,1,-0.92,0.731148,-0.938525,-1,-1,-1
-1,1,-0.714286,-1,-1,-1,-1,0.5,0.428571,-1,-1,1,1,-1,-1,-1,-1,-1,1,-1,-1,-1,1,-1,-1,1,-1,-1,1,1,1,-1,-0.653333,0.731148,-1,-1,-1,-1
-1,1,-0.714286,-1,0.647059,1,-1,0.5,-1,-1,-1,1,1,-1,-1,1,-1,-1,1,-1,-1,-1,1,-1,-1,1,-1,-1,1,1,1,-1,-0.706667,-0.2,-1,-1,-1,-1
-1,1,0.142857,-1,-1,-1,1,0,-1,-1,-1,-1,1,-1,-1,-1,-1,-1,1,-1,-1,-1,1,-1,-1,1,-1,-1,1,1,1,-1,-0.706667,-0.200131,-1,-1,-1,-1
-1,1,-1,-1,0.647059,1,-1,0.5,-1,-1,-1,1,1,-1,-1,-1,-1,-1,1,-1,-1,-1,1,-1,-1,1,-1,-1,1,1,1,-1,-0.7072,-0.201311,-1,-1,-1,-1
1,1,0.142857,-1,-1,-1,0,-0.5,-1,-1,-1,1,1,-1,-1,-1,-1,-1,1,-1,-1,-1,1,-1,-1,1,-1,-1,1,1,1,-1,-0.760533,-0.200131,-1,-1,-1,-1
-1,1,-0.714286,-1,-1,-1,1,-0.5,-1,-1,-1,0,1,-1,-1,-1,0,-1,1,-1,-1,-1,1,-1,-1,1,-1,-1,1,1,1,1,-0.28,-0.803279,-0.687705,-1,-1,-1
-1,1,-0.714286,-1,0.058824,-1,1,0.5,-1,-1,-1,-0.5,1,-1,-1,-1,-1,-1,1,-1,-1,-1,1,-1,-1,1,-1,-1,1,1,1,-1,-0.76,0.731148,-1,-1,-1,-1
1,1,-0.714286,-1,0.176471,1,-1,0.5,-1,-1,-1,0,1,-1,1,-1,-1,-1,1,-1,-1,-1,1,-1,-1,1,-1,-1,1,1,1,1,-0.92,0.6,-0.687705,-1,-1,-1
1,1,-0.714286,-1,1,1,-1,0.5,-1,-1,-1,0,1,-1,-1,-1,-1,-1,1,-1,-1,-1,1,-1,-1,1,-1,-1,1,1,1,-1,-0.962133,0.6,-1,-1,-1,-1
-1,1,1,-1,-1,-1,-1,0.5,-0.114286,-1,-1,1,1,-1,-1,-1,-1,-1,1,-1,-1,-1,1,-1,-1,1,-1,-1,1,1,1,1,-0.28,0.672,1,-1,-1,-1
-1,1,-0.714286,-1,0.058824,-1,1,0.5,-1,-1,-1,-0.5,1,-1,-1,-1,-1,1,1,-1,-1,-1,1,-1,-1,1,-1,-1,1,1,1,1,-0.76,-0.2,1,-1,-1,-1
-1,1,-0.714286,-1,-1,-1,1,-0.5,-1,-1,-1,0,1,1,1,-1,-1,-1,1,-1,-1,-1,1,-1,-1,1,-1,-1,1,1,1,-1,-0.28,-0.204066,-1,-1,-1,-1
-1,1,0.142857,-1,-1,-1,1,-0.5,-1,-1,-1,0,1,-1,-1,-1,0,-1,1,-1,-1,-1,1,-1,-1,1,-1,-1,1,1,1,1,-0.76,-0.200131,-0.687705,-1,-1,-1
-1,1,-0.714286,-1,0.058824,-1,1,0.5,-1,-1,-1,-0.5,1,-1,-1,-1,-1,-1,1,-1,-1,-1,1,-1,-1,1,-1,-1,1,1,1,-1,-0.760533,-0.2,-1,-1,-1,-1
-1,1,0.142857,-1,-1,-1,1,0,-1,-1,-1,-1,1,-1,-1,-1,-1,-1,1,-1,-1,-1,1,-1,-1,1,-1,-1,1,1,1,-1,-0.706667,-0.97377,-1,-1,-1,-1
-1,1,-0.428571,0.571429,-1,-1,-1,0.5,-1,-1,-1,-1,1,-1,-1,-1,-1,-1,1,-1,-1,-1,1,-1,-1,1,-1,1,1,1,1,-1,-0.6,0.180328,-1,-1,-1,-1
-1,1,-1,-1,-1,-1,-1,0.5,0.428571,-1,1,-1,1,-1,-1,-1,-1,-1,1,-1,-1,-1,1,-1,-1,1,-0.333333,-1,1,1,1,1,-0.066667,-0.200131,1,-1,-1,-1
-1,1,0.142857,-1,-1,-1,1,-0.5,-1,-1,-1,0,1,-1,-1,-1,0,1,1,-1,-1,1,1,-1,-1,1,-1,-1,1,1,1,1,-0.493333,-0.803279,-0.74918,-1,-1,-1
-1,1,-0.714286,-1,0.411765,1,-1,0.5,-1,-1,-1,1,1,-1,-1,1,-1,-1,1,-1,-1,-1,1,-1,-1,1,-1,-1,1,1,1,-1,-0.813333,-0.2,-1,-1,-1,-1
-1,1,-0.714286,-1,1,1,-1,0.5,-1,-1,-1,1,1,-1,-1,-1,-1,-1,1,-1,-1,-1,1,-1,-1,1,-1,-1,1,1,1,1,-0.493333,0.6,1,-1,-1,-1
-1,1,0.428571,1,-1,-1,-1,0.5,-1,-1,-1,-1,1,-1,-1,-1,-1,-1,1,-1,-1,-1,1,-1,-1,1,-1,-1,1,1,1,1,-0.28,0.731148,-0.687705,-1,-1,-1
-1,1,-1,-1,0.176471,1,-1,0.5,-1,-1,-1,1,1,-1,-1,-1,-1,-1,1,-1,-1,-1,1,-1,-1,1,-1,1,1,1,1,-1,-0.4928,0.731148,-1,-1,-1,-1
-1,1,0.142857,-1,-1,-1,1,0,-1,-1,-1,-1,1,-1,-1,-1,-1,-1,1,-1,-1,-1,1,-1,-1,1,-1,-1,1,1,1,1,-0.28,1,-0.74918,-1,-1,-1
-1,1,-0.714286,-1,0.058824,-1,1,0.5,-1,-1,-1,-0.5,1,-1,-1,-1,-1,-1,1,-1,-1,-1,1,-1,-1,1,-1,-1,1,1,1,1,-0.973333,-0.803279,1,-1,-1,-1
0,1,-0.714286,-1,-1,-1,-1,0,-1,1,-1,-1,1,-1,-1,-1,-1,-1,1,1,-1,-1,1,-1,-1,1,-1,-1,1,1,1,1,-0.813333,-0.560656,-0.99959,-1,-1,-1
-1,1,-0.714286,-1,-1,-1,1,-0.5,-1,-1,-1,1,1,-1,-1,-1,-1,1,1,-1,-1,-1,1,-1,-1,1,-1,-1,1,1,1,1,-0.279467,0.704918,-0.687705,-1,-1,-1
-1,1,0.142857,-1,-1,-1,1,-0.5,-1,-1,-1,0,1,-1,1,-1,-1,1,1,-1,-1,-1,1,-1,-1,1,-1,-1,1,1,1,1,-0.973333,0.731148,-0.687705,1,-1,-1
-1,1,0.142857,-1,-1,-1,1,0,-1,-1,-1,0,1,-1,-1,-1,-1,-1,1,-1,-1,-1,1,-1,-1,1,-1,-1,1,1,1,1,-0.813333,-0.201311,1,-1,-1,-1
-1,1,0.142857,-1,-1,-1,1,-0.5,-1,-1,-1,0,1,-1,-1,-1,0,-1,1,-1,-1,1,1,-1,-1,1,-1,-1,1,1,1,-1,-0.76,0.6,-1,-1,-1,-1
-1,1,0.142857,-1,-1,-1,1,-0.5,-1,-1,-1,-1,1,-1,-1,-1,-1,-1,1,-1,-1,-1,1,-1,-1,1,-1,-1,1,1,1,-1,-0.280533,-0.200131,-1,-1,-1,-1
-1,1,-1,-1,-1,-1,1,-1,-1,-1,-1,1,1,-1,-1,-1,0,1,1,-1,-1,-1,1,-1,-1,1,-1,-1,1,1,1,1,-0.973333,-0.219672,1,-1,-1,-1
-1,1,0.142857,-1,-1,-1,0,0,-1,-1,-1,1,1,-1,-1,-1,-1,-1,1,-1,-1,-1,1,-1,-1,1,-1,-1,1,1,1,1,-0.76,0.731148,1,-1,-1,-1
-1,1,0.142857,-1,-1,-1,1,-0.5,-1,-1,-1,0,1,-1,1,-1,0,-1,1,-1,-1,-1,1,-1,-1,1,-1,-1,1,1,1,-1,-0.28,-0.2,-1,-1,-1,-1
-1,1,0.142857,-1,-1,-1,1,0,-1,-1,-1,0,1,-1,-1,-1,-1,-1,1,-1,-1,-1,1,-1,-1,1,-1,-1,1,1,1,-1,-0.706667,-0.901639,-1,-1,-1,-1
-1,1,0.714286,-1,-1,-1,1,-0.5,-1,-1,-1,-1,-1,-1,-1,-1,-1,-1,1,-1,-1,-1,1,-1,-1,1,-1,-1,1,1,1,-1,-0.706667,-0.200131,-1,-1,-1,-1
-1,1,0.142857,-1,-1,-1,1,-0.5,-1,-1,-1,0,1,-1,-1,-1,0,1,1,-1,-1,1,1,-1,-1,1,-1,-1,1,1,1,1,-0.76,-0.803279,-0.74918,-1,-1,-1
-1,1,0.142857,-1,-1,-1,1,-0.5,-1,-1,-1,0,1,-1,-1,-1,-1,-1,1,-1,-1,-1,1,-1,-1,1,-1,-1,1,1,1,1,-0.76,-0.803279,-0.687705,-1,-1,-1
0,1,-0.714286,-1,-1,-1,-1,0,-1,1,-1,-1,1,-1,-1,-1,-1,-1,1,-1,1,-1,1,-1,-1,1,-1,-1,1,1,1,1,-0.28,0.6,-0.687705,-1,-1,-1
-1,1,-1,-1,0.647059,1,-1,0.5,-1,-1,-1,1,1,-1,-1,-1,1,-1,1,-1,-1,-1,1,-1,-1,1,-1,-1,1,1,1,-1,0.360533,0.311475,-1,-1,1,-1
-1,1,0.142857,-1,-1,-1,0,0,-1,-1,-1,1,1,-1,-1,-1,-1,-1,1,-1,-1,-1,1,-1,-1,1,-1,-1,1,1,1,-1,-0.813333,0.731148,-1,-1,-1,-1
1,1,-0.714286,-1,0.647059,1,-1,0.5,-1,-1,-1,0,1,-1,-1,-1,-1,-1,1,-1,-1,-1,1,-1,-1,1,-1,-1,1,1,1,-1,-0.813333,-0.2,-1,-1,-1,-1
-1,1,0.428571,1,-1,-1,-1,0.5,-1,-1,-1,-1,1,-1,-1,-1,1,-1,1,-1,-1,-1,1,-1,-1,1,-1,-1,1,1,1,1,0.2,-0.2,1,-1,-1,-1
1,1,-0.714286,-1,-1,-1,1,0,-1,1,-1,0,1,-1,-1,-1,-1,-1,1,-1,-1,-1,1,-1,-1,1,-1,-1,1,1,1,1,-0.493333,-0.200131,0.709016,-1,-1,-1
-1,1,0.142857,-1,-1,-1,1,-0.5,-1,-1,-1,0,1,-1,1,-1,-1,-1,1,-1,-1,-1,1,-1,-1,1,-1,-1,1,1,1,1,-0.76,-0.200131,-0.687705,-1,-1,-1
-1,1,0.142857,-1,-1,-1,1,-0.5,-1,-1,-1,0,1,-1,1,-1,0,-1,1,-1,-1,-1,1,-1,-1,1,-1,-1,1,1,1,1,-0.280533,-0.2,-0.687705,-1,-1,-1
-1,1,0.142857,-1,-1,-1,1,0,-1,-1,-1,0,1,-1,-1,-1,-1,-1,1,-1,-1,-1,1,-1,-1,1,-1,-1,1,1,1,1,-0.8128,-0.200131,-0.74918,-1,-1,-1
-1,1,0.142857,-1,-1,-1,1,-0.5,-1,-1,-1,0,1,-1,-1,-1,-1,-1,1,-1,-1,-1,1,-1,-1,1,-1,-1,1,1,1,1,-0.760533,0.731148,1,1,-1,-1
-1,1,0.142857,-1,-1,-1,1,-0.5,-1,-1,-1,0,1,-1,-1,-1,-1,1,1,-1,-1,1,1,-1,-1,1,-1,-1,1,1,1,1,-0.493333,-0.2,0.709016,-1,-1,-1
-1,1,0.142857,-1,-1,-1,1,-0.5,-1,-1,-1,0,1,-1,-1,1,-1,-1,1,-1,-1,-1,1,-1,-1,1,-1,-1,1,1,1,-1,-0.92,-0.2,-1,-1,-1,-1
-1,1,-0.714286,-1,0.058824,-1,1,0.5,-1,-1,-1,-0.5,1,-1,-1,-1,0,1,1,-1,-1,-1,1,-1,-1,1,-1,-1,1,1,1,1,-0.76,-0.2,1,-1,-1,-1
-1,1,-0.714286,-1,-1,-1,1,-0.5,-1,-1,-1,0.5,1,-1,1,-1,0,1,1,-1,-1,-1,1,-1,-1,1,-1,-1,1,1,1,1,-0.76,0.6,-0.687705,-1,-1,-1
-1,1,0.142857,-1,-1,-1,1,-0.5,-1,-1,-1,0,1,-1,-1,-1,0,-1,1,-1,-1,-1,1,-1,-1,1,-1,-1,1,1,1,-1,-0.92,-0.200131,-1,-1,-1,-1
-1,1,-0.714286,-1,-1,-1,1,-0.5,-1,-1,-1,1,1,-1,-1,-1,0,1,1,-1,-1,1,1,-1,-1,1,-1,-1,1,1,1,1,-0.76,0.704918,0.709016,-1,-1,-1
0,1,-0.714286,-1,-1,-1,-1,0,-1,1,-1,-1,1,-1,-1,-1,-1,-1,1,-1,-1,-1,1,-1,1,1,-1,-1,1,1,1,-1,-0.706667,-0.934426,-1,-1,-1,-1
-1,1,-0.428571,0.857143,-1,-1,-1,0.5,-1,-1,-1,-1,1,-1,-1,-1,-1,-1,1,-1,-1,-1,1,-1,-1,1,-1,-1,1,1,1,-1,-0.546667,-0.2,-1,-1,-1,-1
-1,1,0.142857,-1,-1,-1,1,-0.5,-1,-1,-1,-1,1,-1,1,-1,-1,-1,1,-1,-1,-1,1,-1,-1,1,-1,-1,1,1,1,1,-0.066667,0.967213,0.709016,-1,-1,-1
-1,1,0.142857,-1,-1,-1,1,-0.5,-1,-1,-1,0,1,-1,1,-1,-1,-1,1,-1,-1,-1,1,-1,-1,1,-1,-1,1,1,1,-1,-0.76,-0.2,-1,-1,-1,1
-1,1,1,-1,-1,-1,-1,0.5,-0.114286,-1,-1,1,1,-1,-1,-1,-1,-1,1,-1,-1,-1,1,-1,-1,1,-1,-1,1,1,1,-1,0.2,-0.2,-1,-1,1,-1
-1,1,0.142857,-1,-1,-1,1,-0.5,-1,-1,-1,0,1,-1,-1,-1,0,1,1,-1,-1,1,1,-1,-1,1,-1,-1,1,1,1,1,-0.493333,-0.200131,0.709016,-1,-1,-1
0,1,-0.714286,-1,-1,-1,-1,0,-1,1,-1,-1,1,-1,-1,-1,-1,-1,1,1,-1,-1,1,-1,-1,1,-1,-1,1,1,1,1,-0.813333,-0.560656,-0.74959,-1,-1,-1
-1,1,0.142857,-1,-1,-1,1,-0.5,-1,-1,-1,0,1,-1,-1,1,-1,-1,1,-1,-1,-1,1,-1,-1,1,-1,-1,1,1,1,1,0.573333,0.704918,1,-1,-1,-1
-1,1,-0.714286,-1,-1,-1,1,-0.5,-1,-1,-1,0.5,1,-1,1,-1,-1,1,1,-1,-1,-1,1,-1,-1,1,-1,-1,1,1,1,1,-0.813333,-0.2,1,-1,-1,-1
-1,1,-0.714286,-1,-1,-1,1,-0.5,-1,-1,-1,1,1,-1,-1,1,-1,-1,1,-1,-1,-1,1,-1,-1,1,-1,-1,1,1,1,1,-0.76,-0.2,1,-1,-1,-1
-1,1,-0.714286,-1,-1,-1,1,-0.5,-1,-1,-1,0,1,-1,-1,-1,-1,-1,1,-1,-1,-1,1,-1,-1,1,0.333333,-1,1,1,1,-1,-0.760533,-0.2,-1,0,-1,-1
-1,1,-1,-1,-1,-1,1,-1,-1,-1,-1,1,1,-1,-1,-1,-1,-1,1,-1,-1,-1,1,-1,-1,1,-1,-1,1,1,1,1,-0.760533,-0.508328,1,-1,-1,-1
-1,1,0.142857,-1,-1,-1,1,0,-1,-1,-1,-1,1,-1,-1,-1,0,1,1,-1,-1,-1,1,-1,-1,1,-1,-1,1,1,1,1,-0.280533,0.731148,1,-1,-1,-1
-1,1,-0.714286,-1,-1,-1,1,-0.5,-1,-1,-1,0,1,-1,-1,-1,-1,1,1,-1,-1,-1,1,-1,-1,1,-1,-1,1,1,1,1,-0.973333,-0.2,1,1,-1,-1
-1,1,-0.714286,-1,-1,-1,1,-0.5,-1,-1,-1,1,1,-1,-1,-1,-1,-1,1,-1,-1,-1,1,-1,-1,1,-1,-1,1,1,1,1,-0.92,-0.2,-0.687705,0,-1,-1
-1,1,0.142857,-1,-1,-1,1,-0.5,-1,-1,-1,0,1,-1,-1,-1,0,1,1,-1,-1,-1,1,-1,-1,1,-1,-1,1,1,1,1,-0.760533,-0.508197,-0.74918,-1,-1,-1
-1,1,-1,-1,-1,-1,1,-1,-1,-1,-1,1,1,-1,-1,-1,-1,-1,1,-1,-1,-1,1,-1,-1,1,-1,-1,1,1,1,-1,-0.973333,-0.97377,-1,-1,-1,-1
-1,1,-0.714286,-1,-1,-1,1,-0.5,-1,-1,-1,0,1,-1,-1,-1,0,-1,1,-1,-1,-1,1,-1,-1,1,-1,-1,1,1,1,-1,-0.92,-0.2,-1,-1,-1,-1
-1,1,-0.714286,-1,0.058824,-1,1,0.5,-1,-1,-1,-0.5,1,-1,-1,-1,0,-1,1,-1,-1,-1,1,-1,-1,1,-1,-1,1,1,1,1,-0.28,-0.2,1,-1,-1,-1
-1,1,0.142857,-1,-1,-1,1,-0.5,-1,-1,-1,0,1,-1,1,-1,-1,-1,1,-1,-1,-1,1,-1,-1,1,-1,-1,1,1,1,1,-0.279467,0.731148,1,-1,-1,-1
-1,1,-0.714286,-1,-1,-1,1,-0.5,-1,-1,-1,0,1,-1,-1,-1,-1,-1,1,-1,-1,-1,1,-1,-1,1,-1,1,1,1,1,-1,0.573867,-0.200131,-1,-1,-1,-1
-1,1,-0.428571,0.285714,-1,-1,-1,0.5,-1,-1,-1,-1,1,-1,-1,-1,1,-1,1,-1,-1,-1,1,-1,-1,1,-1,-1,1,1,1,-1,0.093333,0.180328,-1,-1,1,-1
-1,1,0.142857,-1,-1,-1,1,-0.5,-1,-1,-1,0,1,-1,-1,-1,-1,1,1,-1,-1,-1,1,-1,-1,1,-1,-1,1,1,1,1,0.573333,-0.803279,-0.687705,-1,-1,-1
-1,1,0.714286,-1,-1,-1,1,-0.5,-1,-1,-1,-1,0,-1,-1,-1,-1,-1,1,-1,-1,-1,1,-1,-1,1,-1,-1,1,1,1,1,-0.706667,-0.2,1,-1,-1,-1
0,1,-1,-1,-1,-1,0,-1,-1,-1,-1,-1,1,-1,-1,-1,-1,-1,1,1,-1,-1,1,-1,-1,1,-1,-1,1,1,1,-1,-0.706667,-0.672131,-1,-1,-1,-1
-1,1,0.142857,-1,-1,-1,1,-0.5,-1,-1,-1,0,1,-1,-1,-1,-1,1,1,-1,-1,-1,1,-1,-1,1,-1,-1,1,1,1,1,0.573333,0.704918,1,-1,-1,-1
-1,1,-0.428571,0.571429,-1,-1,-1,0.5,-1,-1,-1,-1,1,-1,-1,-1,1,-1,1,-1,-1,-1,1,-1,-1,1,-1,-1,1,1,1,-1,0.573333,0.180328,-1,-1,1,-1
-1,1,0.142857,-1,-1,-1,1,-0.5,-1,-1,-1,0,1,-1,-1,-1,-1,-1,1,-1,-1,-1,1,-1,-1,1,-1,-1,1,1,1,-1,-0.653333,0.266885,-1,-1,-1,-1
-1,1,-0.714286,-1,0.176471,1,-1,0.5,-1,-1,-1,1,1,-1,-1,-1,-1,-1,1,-1,-1,-1,1,-1,-1,1,-1,1,1,1,1,-1,-0.599467,-0.934426,-1,1,-1,-1
-1,1,-1,-1,-1,-1,1,-1,-1,-1,-1,1,1,-1,-1,-1,-1,-1,1,-1,-1,-1,1,-1,-1,1,-1,-1,1,1,1,1,-0.760533,0.704918,1,-1,-1,-1
-1,1,-0.714286,-1,-1,-1,1,-0.5,-1,-1,-1,0,1,-1,-1,-1,0,-1,1,-1,-1,-1,1,-1,-1,1,-1,-1,1,1,1,-1,-0.92,-0.200131,-1,-1,-1,-1
-1,1,-0.714286,-1,-1,-1,1,-0.5,-1,-1,-1,1,1,-1,-1,-1,0,-1,1,-1,-1,-1,1,-1,-1,1,-1,-1,1,1,1,1,0.573333,-0.2,1,-1,-1,-1
-1,1,0.142857,-1,-1,-1,1,-0.5,-1,-1,-1,-1,1,-1,1,-1,-1,-1,1,-1,-1,-1,1,-1,-1,1,-1,-1,1,1,1,1,-0.280533,0.967213,0.709016,-1,-1,-1
